OverallQual,GrLivArea,YearBuilt,TotalBsmtSF,GarageCars,FullBath,Fireplaces,NeighborhoodScore,LotArea,MasVnrArea,SalePrice
6,2316,1950,953.0,2.0,1,2,4,6106,0.0,277476
9,926,2004,1101.0,2.0,2,0,7,17548,0.0,288845
7,1651,1970,1261.0,,1,2,6,15652,0.0,280097
7,1122,1977,544.0,3.0,1,1,6,9847,195.0,258029
5,1467,1928,1485.0,0.0,2,1,3,5632,1106.0,187944
5,1664,1982,1693.0,1.0,1,1,7,1500,0.0,257999
3,1660,1918,1466.0,0.0,2,1,3,21361,0.0,182635
8,1710,1965,501.0,2.0,2,1,1,14736,441.0,252820
7,2306,1940,211.0,3.0,1,1,1,4346,0.0,280058
7,1726,1944,1283.0,2.0,2,1,6,15756,1162.0,263874
2,1377,1914,695.0,3.0,1,3,6,9438,0.0,204836
10,1982,1902,1114.0,0.0,2,1,2,7703,1099.0,291297
8,2094,1910,1614.0,2.0,2,1,1,13481,537.0,266235
5,886,1952,737.0,2.0,1,2,4,4068,999.0,186663
5,1798,1945,848.0,2.0,2,0,6,7249,0.0,236410
5,1850,1929,1110.0,1.0,2,0,4,10971,0.0,227895
6,1351,1956,480.0,2.0,3,1,6,6004,1133.0,226233
7,2187,2003,696.0,2.0,2,1,4,15352,0.0,289518
6,1424,1917,,3.0,2,1,5,24952,865.0,248481
5,1562,1950,879.0,2.0,1,0,4,3965,0.0,207632
7,1413,1947,1243.0,1.0,1,1,7,1500,0.0,238559
4,1507,1965,2106.0,2.0,2,1,1,1500,282.0,216976
5,951,1995,1039.0,1.0,2,0,6,8796,0.0,166118
6,779,1907,663.0,3.0,3,1,1,4694,220.0,153871
6,2297,1921,1567.0,2.0,2,1,7,11662,0.0,333514
8,1076,1905,364.0,,2,0,7,11060,0.0,210511
5,1004,1975,444.0,3.0,2,1,4,1500,0.0,180915
6,423,1956,761.0,2.0,2,1,3,1500,0.0,161803
7,1180,2003,886.0,1.0,2,0,3,12367,493.0,233802
3,838,1935,752.0,2.0,2,0,7,11083,0.0,195673
7,2321,1978,987.0,2.0,1,3,3,6593,0.0,285085
5,2004,1991,1109.0,,2,0,6,1500,1075.0,241640
3,1155,1956,1427.0,3.0,1,0,2,13771,655.0,175399
9,2626,1948,1036.0,,2,0,5,20175,0.0,347594
10,1990,1944,775.0,2.0,2,1,4,12223,0.0,307430
8,1337,1981,1405.0,2.0,2,1,2,3220,0.0,287421
6,400,1965,672.0,3.0,2,1,3,10356,448.0,169186
4,2645,1976,346.0,1.0,2,0,4,1500,0.0,276267
7,805,1944,1482.0,2.0,1,2,2,18463,447.0,196820
6,677,1978,1456.0,2.0,2,0,1,10654,0.0,157740
4,2011,1919,,1.0,2,0,3,1500,871.0,180779
6,2719,1963,840.0,2.0,1,0,2,7594,0.0,295729
3,2192,1992,633.0,3.0,1,0,6,13706,0.0,243164
9,1781,2005,1130.0,3.0,2,1,1,7335,0.0,275975
5,1797,1992,1692.0,1.0,2,2,3,7792,1005.0,273218
7,1926,1966,1281.0,1.0,2,0,5,1500,873.0,282046
6,1879,1982,1414.0,2.0,2,1,7,14532,990.0,284457
7,1640,1902,1327.0,3.0,2,1,3,4812,0.0,236308
7,1552,1953,999.0,1.0,3,2,6,1500,0.0,277062
5,1468,1977,1433.0,2.0,2,0,5,7029,0.0,209214
10,1123,1963,1298.0,1.0,2,1,5,17849,0.0,298525
8,1359,1939,1575.0,2.0,1,0,5,6904,0.0,270896
9,653,1958,816.0,2.0,2,1,4,23903,0.0,192980
9,1450,1954,304.0,3.0,1,0,4,13431,593.0,253175
7,1005,1961,1418.0,2.0,2,1,7,12710,0.0,221473
9,948,1903,1139.0,2.0,2,0,5,8972,663.0,215700
4,1589,1959,881.0,2.0,1,0,7,9453,248.0,216728
5,2196,1974,903.0,2.0,1,1,1,7892,418.0,213648
3,1959,1994,2021.0,3.0,2,1,5,7581,0.0,313061
6,714,2006,743.0,1.0,1,1,2,14246,0.0,188994
6,1005,1995,658.0,3.0,2,1,5,2513,0.0,243349
5,1970,1990,1034.0,2.0,2,0,4,1500,0.0,244874
8,1008,1929,1472.0,1.0,2,1,4,1500,0.0,226788
6,1387,2006,1911.0,2.0,1,0,2,26365,0.0,280805
5,1775,1901,1262.0,1.0,1,0,2,14242,0.0,214575
7,1015,1961,491.0,2.0,2,1,3,12435,0.0,217268
5,1552,1948,1788.0,3.0,3,1,1,1539,888.0,216489
8,832,1908,992.0,1.0,2,1,1,14986,0.0,173664
4,1199,1991,664.0,2.0,1,1,1,9067,0.0,172697
10,1659,1930,568.0,3.0,2,1,6,11713,0.0,308528
8,703,1997,1334.0,3.0,3,0,4,2187,0.0,219216
5,1720,1960,1095.0,2.0,2,0,1,11282,0.0,222452
1,1490,1978,1138.0,3.0,3,1,3,6609,0.0,167297
8,1776,1947,1514.0,2.0,1,0,3,3875,0.0,265278
7,1611,1924,679.0,2.0,1,0,1,15872,712.0,188202
7,2182,1935,1546.0,3.0,2,0,2,1500,113.0,302763
8,1562,1907,792.0,2.0,2,1,3,14518,0.0,241122
4,1285,1972,1865.0,2.0,1,0,7,15475,179.0,228595
6,1561,1957,1239.0,2.0,1,1,2,2962,0.0,200976
4,1771,2000,631.0,3.0,2,1,7,3437,629.0,229573
8,1524,1944,189.0,3.0,1,0,4,8215,1054.0,243772
7,1520,1961,1323.0,2.0,2,1,6,12256,156.0,293748
6,1149,1938,850.0,2.0,2,1,3,8777,0.0,219333
3,1168,1995,937.0,2.0,2,1,2,13468,626.0,203578
6,798,1957,1306.0,2.0,2,1,7,24103,0.0,270689
6,2374,1980,1404.0,2.0,1,0,1,5938,716.0,282663
7,878,1998,1489.0,3.0,2,1,7,1500,0.0,249262
7,1153,2000,530.0,2.0,2,0,7,16607,561.0,252001
8,1140,1982,1570.0,2.0,2,2,4,23466,0.0,236497
6,1947,1963,768.0,1.0,2,1,5,13142,0.0,270875
4,1352,1943,97.0,2.0,1,1,5,1500,649.0,177271
7,2123,1928,,3.0,1,0,1,9008,0.0,257285
8,1163,1958,1087.0,2.0,1,0,4,1500,0.0,214559
7,1639,1970,608.0,1.0,1,0,4,15142,0.0,244737
8,1082,1991,964.0,2.0,2,1,4,1500,0.0,219949
6,2572,1908,1135.0,2.0,2,0,4,7598,0.0,281532
7,906,1991,927.0,0.0,2,1,5,1965,0.0,177342
6,1654,1905,802.0,2.0,2,0,2,11014,0.0,237240
2,1816,1928,,2.0,1,2,4,7069,0.0,192082
4,1706,1957,1008.0,2.0,2,0,2,11414,490.0,199052
3,1407,1916,174.0,2.0,2,2,7,10178,0.0,198790
7,1435,1915,725.0,2.0,1,2,7,2106,0.0,245427
6,1521,1986,628.0,3.0,1,1,4,15015,0.0,230543
6,1426,1994,904.0,2.0,2,1,3,9609,0.0,233734
9,1981,1902,914.0,2.0,3,0,6,2091,0.0,287907
5,2605,1920,1383.0,2.0,1,1,3,27927,0.0,307837
6,1221,1963,1633.0,2.0,1,0,7,13811,0.0,248834
8,815,1989,552.0,3.0,2,0,6,8773,0.0,278473
5,1455,1935,1797.0,2.0,1,1,3,21321,0.0,233605
4,2789,2005,688.0,2.0,2,1,4,24734,527.0,300412
5,1098,2000,1069.0,0.0,2,1,2,8837,164.0,192691
5,2319,1985,1204.0,2.0,3,0,6,12779,106.0,313935
9,2338,1961,1977.0,3.0,2,0,5,2095,0.0,350294
8,1223,1941,783.0,,2,0,1,8822,324.0,204212
7,1784,1975,281.0,2.0,2,0,6,8407,0.0,262161
8,2314,1941,1596.0,2.0,2,0,6,11478,767.0,314537
8,1310,1960,666.0,2.0,2,0,5,12662,0.0,228962
5,1398,1912,855.0,1.0,1,0,4,14478,0.0,204833
9,1209,1910,552.0,,2,1,3,11901,0.0,243125
7,992,1953,856.0,1.0,2,0,3,1500,0.0,161402
8,1175,1915,663.0,3.0,2,1,7,2492,0.0,224371
9,888,1907,1270.0,2.0,2,0,2,5628,87.0,188496
6,1517,2003,1032.0,2.0,2,2,4,7742,796.0,265981
4,1115,1958,727.0,2.0,1,1,5,18406,0.0,209279
5,1616,1956,1398.0,,2,0,4,1500,0.0,196655
6,722,1939,1101.0,1.0,2,1,4,7140,0.0,223451
8,1665,2008,261.0,1.0,2,0,3,17624,1138.0,241869
8,1916,1958,1367.0,2.0,3,1,5,7600,275.0,331076
1,503,1901,1073.0,1.0,1,0,1,13683,0.0,91190
6,1687,1993,1556.0,1.0,2,3,6,8883,770.0,267145
6,2113,1993,1049.0,3.0,1,0,3,12054,0.0,264158
5,895,1975,683.0,4.0,2,0,5,8172,0.0,189134
4,2336,1909,918.0,2.0,2,1,2,15336,0.0,214301
6,1709,1943,1321.0,3.0,1,0,6,1500,1056.0,254262
9,1147,1910,691.0,2.0,2,1,6,7093,1125.0,227459
6,1472,1978,823.0,2.0,0,0,3,12372,0.0,210883
6,1779,1979,911.0,2.0,1,1,7,14269,1087.0,308628
7,1538,1980,540.0,2.0,2,0,2,21943,651.0,248184
6,1769,1989,697.0,4.0,2,1,3,6871,0.0,247988
10,1039,1901,1069.0,2.0,3,1,4,21835,1079.0,255040
10,1584,1949,1480.0,2.0,2,0,7,4727,0.0,305481
5,793,1911,1126.0,1.0,2,0,5,20629,0.0,220748
6,1444,1989,981.0,1.0,2,0,2,16539,0.0,199385
6,1048,1922,667.0,0.0,0,2,6,2692,832.0,182836
5,1132,1917,1438.0,4.0,1,0,3,12456,0.0,216951
3,2118,1961,1173.0,3.0,2,0,6,9590,0.0,279565
7,2045,1995,717.0,3.0,2,0,2,15004,187.0,267415
6,1804,1961,1359.0,2.0,2,0,6,8213,762.0,254637
3,953,1937,1223.0,2.0,2,1,3,7542,0.0,169634
5,1341,1966,674.0,1.0,2,2,7,20952,0.0,261230
9,2106,1937,959.0,2.0,1,1,3,9210,0.0,283661
5,1570,1966,802.0,2.0,1,1,1,16611,445.0,189779
5,2659,1993,2053.0,3.0,2,1,6,8197,0.0,345711
6,1696,1960,1212.0,2.0,2,0,1,23333,859.0,210021
10,1596,1900,1074.0,1.0,2,0,7,4573,1082.0,281352
5,1345,1993,1189.0,0.0,1,1,1,5086,0.0,203573
7,1566,1944,1551.0,1.0,3,2,6,22196,0.0,307209
8,1423,1995,,2.0,1,1,2,6440,789.0,214827
5,1854,1927,764.0,3.0,1,0,4,22808,784.0,270584
7,1978,1920,1337.0,2.0,3,0,7,17134,750.0,339299
6,1107,2009,930.0,3.0,1,0,3,8762,0.0,225898
7,834,1912,572.0,2.0,2,2,5,1500,0.0,172350
7,581,1926,494.0,2.0,1,1,7,9845,1196.0,161542
7,1753,1999,1611.0,1.0,2,1,1,10813,0.0,284043
4,948,1906,1052.0,3.0,2,0,2,19337,642.0,175514
8,423,1921,764.0,3.0,1,1,6,22707,0.0,245170
6,1694,1973,906.0,,2,0,2,4520,0.0,185939
5,2746,2002,1322.0,2.0,1,0,2,16409,0.0,288705
3,1496,1952,882.0,2.0,2,1,6,16123,796.0,235153
7,1919,1978,420.0,2.0,1,0,5,18587,0.0,252378
7,1540,1978,,,1,0,6,13989,0.0,239757
2,1450,1903,1483.0,2.0,1,2,5,1500,0.0,185414
6,1959,1995,1456.0,2.0,1,1,6,8756,0.0,289654
5,1354,1922,776.0,1.0,2,0,1,1500,0.0,143164
7,1633,1969,1507.0,1.0,2,1,5,8379,0.0,274518
5,1660,1987,1085.0,1.0,1,0,1,17840,0.0,248567
7,1165,1983,1496.0,0.0,2,1,7,12441,356.0,263012
6,1996,2000,1229.0,2.0,1,1,5,19184,234.0,273601
9,1412,1983,391.0,2.0,2,1,5,12734,0.0,293341
4,1122,1975,1698.0,1.0,3,1,6,1500,0.0,205651
6,1768,1932,1020.0,3.0,2,0,5,1500,860.0,282319
4,1050,1927,1230.0,1.0,2,0,1,11190,701.0,132902
9,1514,1907,462.0,2.0,2,0,7,8288,1069.0,270759
8,1495,1900,1202.0,2.0,1,0,6,2184,137.0,279495
5,2042,1936,1441.0,2.0,2,1,3,1500,0.0,233132
7,1737,1962,1774.0,2.0,2,0,7,4122,635.0,296079
8,1487,1921,1560.0,2.0,2,0,7,8444,846.0,303571
7,1908,1969,1221.0,,2,0,1,15327,0.0,201927
7,2195,1920,382.0,4.0,2,2,7,11509,0.0,325166
5,1778,1995,1052.0,1.0,2,0,3,22864,0.0,238798
4,1505,1934,762.0,1.0,2,1,2,1715,0.0,200952
9,844,1978,1093.0,1.0,2,0,6,17048,1087.0,236088
9,967,1904,513.0,2.0,2,0,2,10378,446.0,178150
7,1347,1959,915.0,1.0,1,1,6,15557,0.0,234430
6,1195,1945,793.0,3.0,3,1,7,6507,0.0,235605
6,1406,1949,780.0,2.0,2,1,6,18573,0.0,242771
7,1528,1947,784.0,2.0,1,2,1,12361,0.0,215494
9,1764,1905,945.0,2.0,1,0,3,4564,0.0,218154
8,1464,1988,1114.0,,2,0,6,9903,0.0,260183
8,1743,1955,0.0,1.0,1,2,3,8083,0.0,236503
7,1532,2009,49.0,2.0,1,0,6,13913,0.0,240937
4,512,1958,864.0,2.0,2,1,3,1500,0.0,147722
5,1030,2003,920.0,2.0,1,1,2,9765,681.0,188591
9,1427,1928,1075.0,1.0,2,0,1,13162,0.0,209613
7,895,1970,708.0,4.0,1,1,6,10264,0.0,230720
1,1799,2003,1003.0,0.0,1,0,4,20775,0.0,187290
4,2265,1976,1050.0,3.0,2,0,3,16192,0.0,257709
7,2109,2001,706.0,3.0,2,0,3,9940,0.0,253926
1,1393,1917,1405.0,2.0,1,1,4,11733,783.0,191542
5,2245,1901,1070.0,1.0,1,0,1,12365,367.0,201818
7,1574,1907,1218.0,1.0,2,1,3,13226,0.0,214641
7,1331,1974,1027.0,2.0,1,2,1,1500,0.0,216614
7,1193,1996,1841.0,2.0,1,1,3,7587,0.0,241225
5,1348,1953,1238.0,3.0,1,1,7,1500,0.0,249715
7,1305,1937,,3.0,2,0,5,20226,947.0,244063
5,1585,1947,1328.0,2.0,2,0,7,9513,0.0,265355
6,1580,1926,344.0,1.0,2,1,3,8453,0.0,203430
8,1501,1919,1047.0,2.0,2,1,5,17174,1066.0,278228
7,1718,1911,1127.0,3.0,2,3,6,13378,0.0,262487
8,2095,1942,1052.0,2.0,2,2,1,1500,779.0,289823
7,1974,1960,866.0,1.0,2,1,3,9432,0.0,250478
7,757,1930,595.0,2.0,1,2,2,7318,1140.0,211823
4,400,1990,684.0,2.0,2,0,2,1500,0.0,146546
6,1967,1995,1040.0,3.0,2,1,4,4477,921.0,272215
5,816,1960,554.0,2.0,2,2,2,8531,350.0,167940
5,1387,1973,1708.0,1.0,1,0,5,9080,0.0,249162
10,914,1966,0.0,3.0,1,2,2,1500,0.0,175987
6,599,2008,870.0,2.0,2,0,2,19213,1054.0,180781
9,1770,1990,1044.0,2.0,2,1,2,9183,1150.0,312422
7,1879,1934,1202.0,2.0,2,1,3,10300,910.0,279642
8,1211,1994,633.0,1.0,1,2,4,13205,567.0,222715
6,400,1914,1453.0,2.0,2,0,1,3695,0.0,154741
7,1226,1915,442.0,1.0,2,1,4,13650,279.0,189819
6,1695,1912,773.0,2.0,2,1,5,7063,0.0,232453
5,760,1934,1248.0,2.0,2,0,3,2827,244.0,175070
7,1591,1974,1416.0,3.0,2,1,6,14587,0.0,303551
5,1492,1958,438.0,3.0,2,1,3,21933,0.0,235285
2,1789,1920,2058.0,1.0,2,1,7,15798,0.0,264691
7,1559,1953,641.0,2.0,3,0,2,17383,0.0,214789
5,1013,1974,475.0,2.0,1,1,2,5834,115.0,166489
9,2098,1929,1201.0,1.0,1,1,5,1500,0.0,277108
9,1420,1947,860.0,3.0,3,0,6,21921,357.0,289357
9,1486,1934,801.0,2.0,2,0,7,26436,0.0,279123
6,1033,1985,1238.0,1.0,2,2,3,22342,0.0,232627
2,1278,1937,389.0,2.0,2,1,6,7313,822.0,189219
9,1057,1930,319.0,1.0,1,1,1,1500,145.0,205236
6,1413,1977,761.0,2.0,2,0,4,1500,0.0,199446
10,2355,1923,1431.0,1.0,2,0,3,1500,0.0,307880
10,814,1948,778.0,4.0,1,0,6,9140,0.0,238739
8,693,1995,1639.0,3.0,1,0,1,22845,629.0,206373
5,2235,1999,1480.0,2.0,2,1,1,8866,1097.0,252906
6,1395,1931,1113.0,2.0,1,1,7,12418,0.0,252863
8,1165,1954,1135.0,3.0,2,1,7,21004,1049.0,293393
6,2019,1978,1112.0,2.0,1,0,4,6767,782.0,271634
5,1197,2006,1063.0,1.0,2,1,1,26284,0.0,215299
7,2413,1957,853.0,,3,0,5,25936,410.0,285927
9,1838,1998,899.0,3.0,2,0,1,8951,576.0,300615
7,1256,1902,572.0,2.0,2,2,6,5379,328.0,244542
7,2578,1979,115.0,2.0,2,1,7,15577,113.0,309498
4,1197,1968,1441.0,3.0,1,1,5,7219,0.0,210486
7,1871,1984,1062.0,3.0,1,0,7,1500,379.0,276619
10,1649,1909,1002.0,3.0,3,2,7,20249,0.0,309491
5,2150,1982,1159.0,1.0,2,1,7,19731,0.0,303398
6,2280,1924,668.0,2.0,2,1,1,11244,0.0,260692
8,1516,1967,599.0,2.0,1,0,2,1500,545.0,206286
8,1123,1960,886.0,3.0,1,2,1,1500,499.0,195941
7,1729,1928,1547.0,2.0,1,1,7,10857,0.0,269197
7,1161,1918,532.0,1.0,2,1,5,6001,0.0,209540
6,2506,1942,0.0,3.0,2,0,1,7271,0.0,220171
5,1568,1965,791.0,2.0,2,0,7,18175,442.0,268855
8,1317,1973,1457.0,,2,0,7,15865,0.0,290375
8,1592,1960,306.0,2.0,1,0,1,21025,0.0,234668
8,826,1942,527.0,1.0,2,1,1,2075,0.0,189240
9,1014,1924,1105.0,2.0,1,0,5,7254,0.0,238055
6,2100,1919,2027.0,0.0,2,0,1,16071,1088.0,260204
6,1171,1947,456.0,2.0,1,0,4,13584,882.0,172668
8,976,1982,441.0,2.0,3,0,6,22259,0.0,273940
7,1768,1986,1135.0,2.0,1,0,4,13364,0.0,256733
7,2092,1923,1481.0,2.0,3,1,5,24784,1112.0,310193
8,1859,1910,750.0,3.0,2,1,2,14320,228.0,308220
9,1998,2009,351.0,2.0,3,0,4,18497,799.0,299302
6,1121,1997,1173.0,1.0,2,0,7,7411,146.0,248618
6,789,1954,1245.0,3.0,3,0,6,10114,0.0,236672
4,2250,1927,1711.0,1.0,0,0,3,17287,298.0,216763
7,1338,1968,1262.0,4.0,2,1,6,22903,0.0,272067
3,1374,1962,1331.0,,2,1,4,15833,1035.0,229557
6,2164,1958,895.0,2.0,1,1,3,9334,0.0,268887
7,1778,1904,,4.0,1,1,5,21018,0.0,255100
5,1727,1950,840.0,1.0,2,0,6,1500,0.0,217543
7,2582,1920,755.0,2.0,3,2,2,1500,885.0,291846
3,1178,1911,1723.0,2.0,2,1,3,15453,315.0,197900
3,1963,1949,410.0,2.0,2,2,3,10112,0.0,213181
8,1528,1903,261.0,3.0,1,0,6,14844,1024.0,268281
6,1634,1941,1047.0,,0,2,4,10515,0.0,205053
4,2264,1983,999.0,2.0,2,1,3,14567,0.0,239735
7,1753,1937,908.0,2.0,1,1,5,3484,0.0,272077
8,1769,1924,1397.0,2.0,2,0,6,14563,140.0,330698
5,2036,1913,636.0,2.0,3,1,5,17955,0.0,272010
7,1317,1974,1025.0,2.0,1,2,6,19764,0.0,288030
4,1080,1931,855.0,3.0,2,1,5,26108,734.0,208514
3,977,1910,643.0,1.0,1,1,4,11952,0.0,147161
7,516,1960,975.0,3.0,2,2,6,12191,1007.0,229055
7,2528,1917,1341.0,2.0,1,0,7,1500,0.0,309167
7,948,1926,1848.0,,2,1,2,5748,192.0,226541
7,1389,1954,1231.0,,1,1,4,8455,998.0,245819
10,1361,1953,0.0,2.0,2,2,5,18402,77.0,263990
6,1653,1981,984.0,2.0,2,0,6,5111,0.0,226183
6,1907,1986,1019.0,3.0,1,1,4,16370,0.0,272511
8,1930,1974,1374.0,2.0,2,1,5,9987,67.0,284505
5,1208,1920,1073.0,3.0,1,1,1,8582,721.0,184556
6,1416,1943,1501.0,,2,1,1,11991,0.0,188232
4,1641,1904,1156.0,1.0,1,2,3,6870,0.0,219068
2,1375,1986,1623.0,2.0,2,2,2,6567,0.0,204973
10,2303,1940,824.0,3.0,1,0,1,1500,0.0,303347
8,1745,1958,1057.0,2.0,2,0,7,8016,0.0,310712
7,1867,1988,1330.0,3.0,1,0,5,6160,198.0,292502
6,1831,2004,771.0,,2,0,4,5872,66.0,245320
5,2086,1953,,2.0,1,1,6,13334,0.0,268821
5,1590,1973,748.0,1.0,2,2,4,15269,0.0,226543
5,851,1921,700.0,2.0,2,1,3,11857,0.0,180882
7,1699,1982,1209.0,2.0,1,0,4,17963,0.0,247483
7,1174,1964,,3.0,2,0,1,14604,0.0,195480
7,1235,1963,377.0,2.0,1,1,4,7639,0.0,253728
5,1793,1970,1745.0,,2,1,1,6297,1176.0,237944
9,2119,1903,709.0,3.0,2,0,1,12502,,272323
7,1510,1964,1080.0,2.0,2,2,2,14590,0.0,253283
7,1654,1914,404.0,2.0,2,2,3,21182,0.0,241437
7,2351,2003,1037.0,2.0,1,0,7,19529,1155.0,328623
6,1620,1975,712.0,2.0,2,2,7,5668,0.0,256252
5,2800,1921,374.0,2.0,1,0,5,9183,1028.0,278804
6,1782,1985,1534.0,3.0,2,1,7,15368,639.0,315199
8,619,1946,1473.0,2.0,2,1,1,18543,0.0,209023
2,1876,1980,957.0,2.0,2,0,6,17511,0.0,231634
4,1690,1992,1399.0,2.0,1,2,3,9488,0.0,239049
3,2144,1945,1761.0,2.0,1,0,5,1500,0.0,233654
3,1836,1913,1301.0,2.0,1,1,7,2008,0.0,236446
8,1430,1949,1191.0,3.0,1,0,7,12181,0.0,295012
7,887,1919,1079.0,2.0,1,0,6,12737,927.0,242117
6,1395,1949,1259.0,2.0,2,0,4,1500,0.0,230930
4,1074,1932,854.0,2.0,2,1,3,10356,0.0,165103
6,1209,1958,889.0,0.0,2,1,6,15049,0.0,219506
6,1794,1942,1180.0,2.0,2,0,7,1500,960.0,244196
5,2334,1978,810.0,2.0,1,1,3,18839,233.0,278383
6,1697,1911,853.0,2.0,2,1,3,6979,373.0,189368
6,902,1939,1000.0,2.0,1,1,7,20060,671.0,242901
7,1722,1919,1460.0,1.0,3,1,4,5732,979.0,281211
7,2098,1993,546.0,1.0,2,2,4,1786,1133.0,216317
3,1195,1937,1303.0,3.0,1,1,7,6334,0.0,231722
6,1432,1902,1316.0,2.0,3,0,3,9238,0.0,242941
7,1507,1927,1314.0,2.0,1,0,6,6892,0.0,247427
6,1107,1955,677.0,1.0,2,0,2,8271,147.0,157974
8,1824,1989,322.0,0.0,2,0,1,12671,587.0,214227
7,1439,1993,1223.0,2.0,1,1,4,8630,129.0,238570
5,1709,1912,1075.0,2.0,2,0,7,9471,0.0,269535
4,1056,1976,1401.0,2.0,2,0,2,1500,0.0,169422
7,1281,1965,719.0,2.0,2,1,4,13133,472.0,251232
2,1861,1936,1304.0,2.0,0,0,3,9286,625.0,186350
7,1313,1948,1421.0,1.0,3,0,7,22882,0.0,273636
9,2363,2001,961.0,1.0,1,0,2,2483,0.0,261891
7,1300,1965,1166.0,2.0,1,1,7,1500,789.0,232202
6,1612,1935,1152.0,2.0,1,0,6,14944,0.0,273690
7,1966,1953,671.0,2.0,1,0,6,12772,934.0,268919
6,790,1925,1212.0,2.0,1,1,5,1932,0.0,197707
7,619,1974,1648.0,2.0,3,1,1,1500,0.0,231759
9,737,1971,1008.0,3.0,1,1,1,22299,0.0,223476
6,2131,2007,415.0,2.0,1,1,4,21312,555.0,267713
10,1224,1939,725.0,1.0,1,0,1,1500,0.0,235154
9,2779,1942,288.0,,2,0,7,6334,306.0,320734
5,1217,1921,1516.0,4.0,2,0,7,23313,1003.0,264445
3,1592,1919,1305.0,,1,0,5,6191,982.0,201880
4,2271,1907,799.0,2.0,1,0,6,6075,0.0,241142
2,2503,1928,432.0,0.0,1,0,2,7737,1119.0,196431
4,2530,1939,666.0,2.0,1,1,2,1500,0.0,229714
7,2104,1989,744.0,0.0,1,1,6,1500,0.0,285980
4,2012,1929,1043.0,2.0,2,0,3,18420,0.0,239854
6,1796,1980,,3.0,1,1,6,1500,128.0,238922
8,1889,1983,1536.0,3.0,2,0,2,11978,332.0,293813
2,1224,1954,722.0,2.0,1,0,4,17092,0.0,117845
8,1090,1915,396.0,,3,1,5,1500,0.0,227537
5,1498,1945,537.0,3.0,2,0,6,2605,937.0,200315
4,1414,1961,990.0,2.0,2,0,3,19705,0.0,186239
7,1273,2006,708.0,1.0,1,0,4,14263,0.0,216441
7,1848,1906,883.0,2.0,2,2,6,5061,166.0,238690
8,1977,1979,818.0,2.0,2,1,4,19617,0.0,304095
7,1544,1944,1396.0,2.0,2,0,6,19652,0.0,282839
8,2238,1958,765.0,2.0,2,1,4,12152,0.0,289778
5,929,1955,849.0,2.0,2,1,7,2798,0.0,193353
5,1403,1947,,2.0,3,1,1,6692,0.0,163437
8,1141,1926,774.0,1.0,1,1,4,12291,124.0,229204
8,566,1952,1169.0,2.0,2,0,7,8491,0.0,199860
10,1458,1986,1132.0,3.0,1,0,1,17511,552.0,267336
6,1439,1987,1056.0,2.0,1,1,2,1500,636.0,187615
6,2256,1972,546.0,2.0,2,1,1,1500,749.0,257167
8,1815,1934,1491.0,3.0,1,1,4,11446,884.0,284004
6,987,1950,1888.0,3.0,2,1,5,6067,407.0,252180
9,2427,1983,1003.0,2.0,1,2,5,4983,671.0,354638
8,2110,1936,581.0,0.0,2,2,2,1500,0.0,271770
6,1791,2005,1011.0,2.0,2,2,4,10156,1027.0,250506
8,1386,1980,1395.0,3.0,2,1,1,9577,0.0,262336
8,1020,1994,753.0,3.0,2,2,5,15227,0.0,281091
4,1313,1956,948.0,3.0,2,0,6,10551,801.0,232092
9,2044,1907,1136.0,2.0,2,0,3,8939,0.0,298687
6,2442,1978,1481.0,2.0,2,1,4,19416,0.0,281367
8,2271,1994,1310.0,0.0,1,1,7,1500,0.0,323915
6,1255,1993,1326.0,2.0,2,1,7,14291,0.0,249935
9,940,2009,829.0,2.0,2,1,6,1500,904.0,268389
6,1570,1919,1160.0,2.0,2,0,6,3293,0.0,253354
2,615,2002,711.0,2.0,2,0,4,1500,0.0,141818
9,1661,1952,1338.0,2.0,2,1,3,16255,532.0,286217
4,1426,1911,,2.0,1,0,5,9476,0.0,194900
6,1266,1948,1221.0,2.0,1,0,3,9891,0.0,219853
9,702,1916,853.0,1.0,1,0,2,1500,343.0,184122
9,1756,1963,918.0,2.0,2,0,1,7602,0.0,242392
7,1233,1941,1722.0,3.0,2,1,1,3892,0.0,239308
7,915,1993,859.0,,1,0,6,13067,752.0,246470
6,400,1928,,4.0,2,1,5,2071,336.0,138233
5,1486,1918,1135.0,,2,0,3,20638,0.0,214357
6,2386,2009,866.0,2.0,2,1,6,1500,0.0,316292
7,2330,1910,462.0,2.0,1,0,4,3547,0.0,287596
8,1271,1997,1084.0,2.0,1,1,6,23417,1118.0,291201
8,1198,1949,1036.0,3.0,1,1,4,6518,525.0,243996
8,1734,1970,1722.0,2.0,1,0,4,1500,0.0,285227
4,1000,2007,655.0,3.0,1,2,2,11752,1049.0,177351
6,1650,1957,1917.0,2.0,0,1,2,6196,0.0,261978
3,1883,1933,1151.0,,2,0,4,3313,0.0,167708
7,2113,1919,1151.0,1.0,1,0,5,1500,0.0,252208
6,1449,1949,762.0,3.0,3,2,2,32146,0.0,258292
8,1398,2001,1125.0,2.0,1,1,2,7987,0.0,267681
6,1061,1987,1189.0,2.0,1,0,1,1500,263.0,185431
4,1086,1909,1374.0,2.0,1,0,6,21949,696.0,189357
5,1386,1931,608.0,3.0,0,1,1,14888,0.0,179744
8,1683,1951,1562.0,0.0,2,1,5,3868,0.0,264304
7,1956,1914,1144.0,2.0,1,1,2,2535,0.0,238230
4,1098,2000,1243.0,3.0,3,0,7,15387,992.0,232941
4,2246,1983,911.0,2.0,2,1,2,8024,0.0,234498
7,1364,1902,628.0,1.0,2,0,3,1500,0.0,164433
4,1489,1936,1029.0,2.0,2,0,5,24297,0.0,228660
8,1126,1939,1074.0,2.0,2,1,7,6528,558.0,269947
7,400,1971,445.0,3.0,2,2,6,21964,924.0,241867
4,1942,1939,1317.0,3.0,2,0,6,20227,718.0,283203
4,1868,2007,1398.0,,1,0,7,1991,0.0,256251
10,1359,1955,708.0,4.0,1,1,6,18265,0.0,306385
6,1533,1922,590.0,2.0,2,1,7,4788,0.0,207569
6,1757,2003,878.0,1.0,2,1,5,1500,0.0,255427
8,718,1910,1009.0,2.0,2,1,7,6603,0.0,230020
9,1235,2009,894.0,2.0,1,0,7,13181,0.0,298157
10,1897,1963,975.0,1.0,2,3,3,6298,0.0,310563
8,872,1907,1088.0,3.0,1,1,3,7543,0.0,210256
6,1646,1992,452.0,3.0,2,1,1,19148,521.0,268795
4,821,1993,498.0,2.0,1,1,5,10851,0.0,188158
8,1733,1955,0.0,,2,1,5,3253,0.0,241034
7,1482,1959,1377.0,2.0,1,0,3,15616,0.0,253423
6,692,1909,1006.0,3.0,2,0,4,11581,0.0,189376
9,2082,1938,1419.0,3.0,2,2,4,1500,0.0,319082
4,1132,1927,544.0,2.0,2,0,1,13426,78.0,113936
6,1094,1948,1009.0,3.0,2,0,4,13134,875.0,203030
2,1600,1935,1085.0,2.0,2,1,4,10160,0.0,183516
6,2074,1912,775.0,2.0,2,1,4,17133,0.0,268662
3,992,1995,,1.0,2,0,2,4620,354.0,95525
4,1530,1935,1698.0,1.0,1,1,1,12691,0.0,186371
4,1714,2000,1559.0,2.0,2,1,3,1500,0.0,222757
7,1846,1925,847.0,2.0,2,1,4,13256,0.0,263411
8,1588,1985,1204.0,0.0,1,1,6,25624,0.0,290095
7,1316,1903,806.0,2.0,1,0,7,2041,0.0,216138
10,1086,1994,601.0,0.0,2,0,2,3921,0.0,210360
6,1543,1981,1730.0,2.0,1,0,4,4319,0.0,235524
5,963,1963,337.0,2.0,3,1,7,11039,1126.0,201798
8,400,1937,885.0,3.0,1,1,7,1500,0.0,209804
5,1718,1987,1033.0,2.0,2,1,2,13369,0.0,257082
10,1951,1986,1660.0,1.0,2,1,1,16774,0.0,291199
2,400,1921,1358.0,2.0,2,1,6,14274,0.0,180084
10,995,1901,331.0,3.0,2,1,6,1500,607.0,223191
3,1809,1930,998.0,4.0,2,0,6,17961,0.0,261997
9,2528,1910,1008.0,2.0,2,0,4,17498,715.0,313674
7,1510,1991,908.0,2.0,1,2,2,16641,0.0,228865
10,1135,1945,1247.0,3.0,0,0,6,12982,344.0,300689
4,1408,1995,436.0,1.0,1,0,7,11761,0.0,207220
7,2187,1961,836.0,2.0,2,1,7,18259,584.0,312774
10,1177,1968,1191.0,2.0,1,0,5,25388,0.0,278433
7,1100,1963,1271.0,0.0,1,2,5,2375,0.0,209308
7,1258,2001,1059.0,2.0,2,0,2,18625,0.0,231581
7,1023,1909,884.0,2.0,2,0,4,9310,0.0,147528
6,1561,1939,952.0,2.0,2,0,4,8962,818.0,197258
7,2312,2009,1296.0,3.0,1,1,1,1500,0.0,293621
7,1661,1923,1013.0,2.0,1,0,1,7721,287.0,239746
9,1373,1998,,3.0,3,1,6,2021,0.0,296275
3,1354,1943,506.0,1.0,1,2,3,6289,0.0,142525
5,718,1959,404.0,2.0,2,2,7,1500,0.0,191060
9,1941,1961,1582.0,1.0,2,0,1,6408,310.0,237148
9,1461,1986,1322.0,3.0,2,0,4,6751,0.0,279680
6,1409,1916,957.0,3.0,1,1,7,10774,0.0,262065
7,3096,1964,818.0,,2,2,3,1500,758.0,309415
5,1649,1994,770.0,3.0,2,3,1,1500,956.0,219973
5,1124,1994,,2.0,2,0,2,12895,0.0,170696
6,1286,2005,1761.0,3.0,1,1,5,3620,0.0,281742
6,2074,1956,757.0,2.0,1,0,1,18596,0.0,233667
7,1556,1954,1455.0,3.0,1,0,1,11802,0.0,242504
4,780,2005,1011.0,2.0,2,0,2,14854,0.0,196407
10,1959,1952,915.0,1.0,2,0,4,21285,665.0,299938
10,1165,1955,1601.0,2.0,1,1,6,7522,719.0,258660
7,2436,1997,995.0,1.0,2,0,2,5404,0.0,303209
7,2040,1908,1118.0,2.0,2,1,6,16973,0.0,310609
6,1276,1921,1099.0,2.0,2,0,1,14076,0.0,158215
8,2140,1912,349.0,2.0,2,1,4,8501,0.0,268282
7,1533,1988,1115.0,0.0,1,0,3,21131,195.0,235295
5,1926,1947,774.0,1.0,2,0,1,8302,294.0,230957
9,1742,1917,431.0,2.0,1,0,2,10262,0.0,239935
8,1076,1975,793.0,3.0,2,0,3,10169,0.0,236126
9,1178,1939,789.0,2.0,2,1,5,2523,863.0,251879
7,2014,1916,1411.0,2.0,3,0,3,10620,0.0,266351
7,1332,1914,574.0,2.0,1,1,2,21174,0.0,233699
6,1298,2005,684.0,2.0,3,0,7,13559,1023.0,239076
9,1022,1914,1094.0,2.0,1,1,3,10248,0.0,219820
8,1711,1978,469.0,2.0,2,1,2,8705,863.0,249287
3,2531,1962,736.0,2.0,1,0,7,12646,212.0,241036
2,966,1938,334.0,3.0,2,0,1,15998,0.0,158655
6,1512,1912,1368.0,1.0,2,0,7,14873,0.0,250642
8,2206,1980,879.0,2.0,2,1,4,7345,0.0,315023
10,1460,1931,993.0,0.0,2,0,5,12598,0.0,249168
5,1726,1908,1366.0,2.0,1,1,7,13839,0.0,268562
7,968,1939,711.0,3.0,1,1,4,1942,0.0,219707
6,1714,1919,875.0,2.0,2,2,4,11345,366.0,261956
10,1406,1989,577.0,1.0,1,1,4,1500,0.0,290044
8,1992,1990,576.0,2.0,1,1,7,13860,312.0,292999
8,2093,1984,631.0,0.0,2,0,2,15282,0.0,256555
6,2794,1981,803.0,1.0,2,2,2,15980,446.0,281514
6,1789,1976,846.0,3.0,1,1,5,6839,156.0,258484
5,1662,1979,1115.0,3.0,1,0,2,12472,0.0,239016
3,1597,1972,643.0,3.0,1,1,6,21391,0.0,237407
8,1323,1962,1127.0,3.0,2,0,2,21310,0.0,283921
8,1669,1975,1194.0,2.0,2,1,2,9766,0.0,274281
10,1352,1943,812.0,1.0,3,1,2,11114,0.0,255161
10,1584,1937,678.0,3.0,2,0,1,18887,0.0,247928
7,2158,1982,1034.0,3.0,1,1,5,1500,0.0,309733
8,996,1959,918.0,3.0,2,0,6,7415,1198.0,244645
9,2069,1970,1088.0,2.0,2,0,2,20684,538.0,315544
8,2158,1998,1627.0,2.0,1,0,5,17801,0.0,316559
5,1440,1947,1027.0,3.0,3,1,3,12954,0.0,252250
6,439,1917,744.0,2.0,2,0,1,1500,0.0,139298
4,1196,1915,643.0,4.0,2,0,7,9600,345.0,229395
9,2148,1954,659.0,1.0,2,1,2,5280,0.0,281583
7,1488,1938,414.0,2.0,1,0,6,12648,574.0,219252
5,1000,1967,1373.0,2.0,1,0,1,3525,0.0,165968
7,1247,1958,106.0,3.0,2,0,6,1794,308.0,201222
7,1920,1988,1195.0,1.0,1,0,7,1500,1090.0,282598
6,1773,1995,652.0,,2,1,7,19774,0.0,238306
4,1380,1961,795.0,4.0,2,0,1,6801,339.0,195705
7,1316,2003,640.0,0.0,2,2,3,11257,283.0,157833
7,1304,1912,1578.0,3.0,2,1,5,9982,0.0,274134
8,1038,2008,1006.0,,2,0,1,1500,0.0,178173
7,2307,1980,1316.0,3.0,2,0,4,1500,546.0,285814
8,1338,2000,1520.0,2.0,2,0,7,1957,1046.0,308849
7,2108,1905,1065.0,3.0,1,1,3,4214,876.0,270692
7,2260,1982,521.0,3.0,1,0,7,12932,0.0,320304
8,1999,1976,911.0,0.0,1,0,4,3634,517.0,240731
6,1284,1959,703.0,1.0,1,1,3,23971,424.0,226485
4,1701,1989,798.0,2.0,1,0,7,18217,461.0,240404
2,1487,1913,962.0,2.0,1,0,4,16466,0.0,175725
8,1048,1994,946.0,3.0,2,2,4,9042,0.0,282148
7,1662,1953,1164.0,2.0,2,1,7,22114,499.0,271869
7,910,1903,1222.0,2.0,1,0,7,8255,0.0,237238
5,2093,1938,946.0,1.0,2,1,6,9749,871.0,266101
4,1267,1971,1161.0,,2,0,1,11359,0.0,163161
2,1600,1924,780.0,3.0,1,1,1,15614,0.0,149096
6,1641,1976,1525.0,2.0,3,1,3,15095,0.0,261618
7,1370,1931,773.0,2.0,2,1,5,6198,614.0,221103
6,1793,1958,1478.0,1.0,2,2,7,5736,0.0,302117
6,1262,2001,409.0,2.0,2,2,6,15119,0.0,243581
9,1935,1962,847.0,2.0,1,2,1,15721,0.0,265391
6,827,1937,867.0,1.0,2,1,1,6853,1139.0,136165
6,1563,1991,1111.0,2.0,1,0,6,1500,0.0,238805
8,2469,1952,1344.0,2.0,2,0,2,8341,0.0,324720
6,999,1993,500.0,2.0,2,1,6,14988,0.0,225041
7,1161,1966,556.0,2.0,2,2,1,24443,0.0,214265
8,1756,1927,439.0,0.0,1,0,5,1500,0.0,259731
9,1589,1902,1528.0,3.0,2,2,2,6587,0.0,269802
5,1675,2008,1119.0,2.0,2,1,4,6884,864.0,231657
9,1744,1997,566.0,2.0,2,2,6,20846,58.0,319420
6,1817,1979,822.0,1.0,2,2,4,9720,397.0,259613
5,2054,1921,1472.0,3.0,2,0,2,2741,0.0,233600
6,1704,1995,888.0,3.0,2,0,2,14469,0.0,232137
10,1379,1937,865.0,2.0,2,0,2,6762,0.0,276326
6,1836,1971,687.0,2.0,2,0,3,1500,0.0,224761
6,2449,1971,590.0,1.0,2,1,6,2857,0.0,256796
7,1433,1961,1473.0,2.0,2,1,7,23872,405.0,294409
5,1012,1956,1669.0,1.0,1,2,5,13073,0.0,232146
4,2053,1905,605.0,2.0,2,1,5,10862,0.0,228298
4,1439,1977,1561.0,2.0,2,0,4,8000,1154.0,231638
4,413,1931,805.0,2.0,1,0,4,12337,859.0,116057
5,1923,1998,1213.0,2.0,2,0,7,12241,0.0,291791
4,1232,1909,1564.0,2.0,2,0,4,12337,0.0,183335
7,1454,1902,941.0,2.0,1,1,6,10918,649.0,249122
5,1665,1958,868.0,0.0,2,0,1,16950,509.0,209253
6,1595,1975,1320.0,1.0,1,0,4,10184,0.0,237648
9,1854,1948,556.0,3.0,1,0,2,2176,0.0,234972
6,1282,1958,1458.0,1.0,2,1,4,5100,0.0,204182
7,1756,1930,1057.0,2.0,1,0,2,1500,0.0,256881
5,1370,1992,768.0,3.0,1,1,3,26214,0.0,214094
5,1869,1968,758.0,2.0,2,0,1,16902,673.0,235638
3,1807,1961,446.0,2.0,1,2,1,3359,0.0,180552
5,1032,1951,785.0,2.0,3,0,7,7745,0.0,195708
5,2042,1988,894.0,,3,1,6,4904,0.0,249593
5,1232,1940,,3.0,1,1,6,22340,0.0,239228
4,1904,1930,981.0,2.0,1,1,5,1500,262.0,287258
4,1683,1984,1189.0,1.0,2,2,3,10915,965.0,219110
6,2419,1983,914.0,2.0,2,0,7,9131,0.0,299844
5,1388,2002,1265.0,2.0,1,0,6,16614,879.0,214166
6,1325,1921,677.0,2.0,2,0,2,9167,0.0,163635
6,1490,1903,1401.0,0.0,1,1,3,1500,1065.0,185344
7,1348,1912,1048.0,1.0,2,0,1,7991,822.0,190122
3,1899,1944,1618.0,3.0,1,0,2,2222,0.0,213014
8,691,1941,,2.0,1,1,7,10636,766.0,217136
7,973,1948,811.0,2.0,1,1,7,21473,192.0,242544
4,966,1919,828.0,2.0,3,0,3,1500,0.0,172550
8,1975,1976,901.0,3.0,2,1,1,3598,1125.0,260177
9,2355,1980,1238.0,2.0,2,1,6,5578,0.0,340663
3,1447,1953,,2.0,2,0,2,6946,0.0,145188
5,1415,1935,738.0,1.0,1,0,2,15921,1005.0,159210
8,1535,1996,1152.0,2.0,1,1,1,8611,0.0,211781
8,2080,1900,945.0,3.0,2,1,2,13326,0.0,265641
5,1036,1914,1247.0,2.0,2,0,6,4993,1081.0,158291
5,1619,1976,1603.0,,2,0,6,11839,0.0,225399
6,1987,1916,903.0,2.0,1,1,6,16222,1053.0,276850
6,1750,1923,332.0,2.0,3,2,1,4141,0.0,216705
7,1594,1957,1297.0,3.0,1,1,4,16250,0.0,269880
6,2000,1971,666.0,2.0,3,0,4,10418,0.0,282433
6,400,1990,942.0,1.0,1,0,7,18363,0.0,178127
8,1838,2008,1314.0,1.0,2,2,7,8388,0.0,327525
3,1172,1922,1118.0,2.0,1,0,2,13049,74.0,142721
5,584,1945,959.0,3.0,2,3,6,9675,466.0,208829
7,1755,1971,769.0,2.0,2,2,2,9230,0.0,254097
9,2186,1907,0.0,3.0,2,0,1,12071,0.0,264022
6,1431,1958,1279.0,3.0,2,2,2,14294,0.0,236754
7,1976,1989,898.0,2.0,2,0,5,1500,0.0,280877
4,2306,1958,1605.0,0.0,2,1,4,21469,0.0,273885
6,2157,1912,1159.0,1.0,2,0,2,1500,0.0,209458
7,2319,1938,783.0,,1,0,2,4521,0.0,255609
5,1871,2000,1426.0,1.0,2,1,3,9245,429.0,227704
5,1537,1927,1460.0,2.0,2,1,2,13298,0.0,206281
6,699,1988,912.0,2.0,2,0,5,22609,0.0,214287
2,1376,1960,1477.0,,2,1,4,1500,0.0,183567
6,1078,1915,777.0,1.0,1,0,3,5938,819.0,175425
5,2585,1901,,2.0,1,0,1,1500,0.0,216435
6,1412,1981,1228.0,2.0,1,0,7,10252,999.0,233301
4,1561,1916,1313.0,2.0,1,0,1,12173,0.0,177192
9,1775,1929,1248.0,3.0,2,0,4,22726,0.0,265899
7,1521,2002,866.0,1.0,2,0,7,10965,0.0,248938
7,2347,1912,1437.0,3.0,3,0,1,18352,0.0,268942
8,1188,1995,950.0,2.0,2,0,5,14670,450.0,257065
6,1597,1992,772.0,2.0,1,1,2,6518,262.0,264159
4,1128,2009,778.0,2.0,2,2,4,1500,801.0,210172
7,839,1993,1775.0,2.0,2,0,7,12200,0.0,217472
7,1194,1981,703.0,1.0,2,2,3,1500,0.0,186327
8,1481,1912,1516.0,2.0,2,1,2,20361,558.0,235664
6,1285,1942,545.0,,3,1,1,8703,0.0,148069
4,1153,1984,1195.0,2.0,2,1,1,19561,0.0,186654
5,796,1993,1118.0,2.0,2,1,3,6158,,191374
6,1458,1920,1648.0,3.0,1,0,5,12150,0.0,226836
7,747,1954,738.0,2.0,1,1,3,11674,887.0,185659
7,1880,1980,627.0,1.0,2,1,4,9639,0.0,261750
6,1541,1939,953.0,2.0,2,1,3,6538,1098.0,238191
10,771,1982,1665.0,3.0,2,1,1,13139,0.0,259751
7,1345,1914,646.0,,3,0,5,2590,1176.0,215944
5,1123,1972,0.0,2.0,2,1,5,1500,1113.0,182691
4,1659,1951,1023.0,3.0,1,1,6,19942,1162.0,227718
5,2170,1973,1379.0,2.0,2,0,3,15817,0.0,253759
5,562,2007,594.0,2.0,2,0,4,10527,638.0,145771
5,1557,1994,1339.0,3.0,1,1,1,23321,0.0,263543
5,1419,1952,585.0,3.0,2,2,2,7857,0.0,180909
5,1835,1986,941.0,2.0,2,1,5,20581,0.0,281252
5,1606,1951,1301.0,3.0,2,1,3,11404,0.0,213907
9,1124,1929,525.0,1.0,2,0,6,1801,0.0,243999
4,1340,1932,1072.0,3.0,1,0,4,24784,632.0,228225
7,1101,1956,1485.0,2.0,3,0,4,17925,0.0,267955
6,2038,1951,1189.0,1.0,2,0,7,9031,0.0,259493
10,1510,1908,711.0,2.0,2,0,1,15817,868.0,251035
4,2450,1953,1607.0,2.0,1,0,5,6770,0.0,263129
6,1469,1900,1263.0,2.0,2,1,1,16633,0.0,199717
10,1145,1943,255.0,2.0,1,1,6,1500,466.0,246939
8,743,1998,1345.0,1.0,1,0,2,1841,836.0,212212
8,598,1974,771.0,2.0,2,0,2,17834,0.0,186519
5,707,1997,1078.0,2.0,1,0,2,8002,91.0,171561
5,1633,1979,,2.0,2,1,4,11660,0.0,197603
7,1754,1908,780.0,2.0,1,0,5,1500,0.0,218991
9,709,1931,341.0,2.0,2,0,1,24782,1163.0,188706
7,1947,1914,1602.0,3.0,1,2,1,19524,0.0,269793
7,1258,1911,1465.0,3.0,0,1,6,8394,507.0,259750
5,1573,1996,965.0,2.0,1,0,2,6762,1164.0,186722
8,2306,2008,1341.0,2.0,3,0,5,18236,269.0,378399
5,1948,1977,852.0,1.0,2,0,5,25859,979.0,225266
6,1365,1956,1038.0,,1,1,6,17630,282.0,233434
6,1054,1907,942.0,2.0,2,1,3,27374,283.0,203687
6,424,1971,868.0,3.0,2,0,5,2621,0.0,170646
5,1140,1926,1143.0,2.0,3,1,5,3444,0.0,208077
4,1394,1961,516.0,1.0,2,0,1,1500,0.0,168069
7,1006,1911,899.0,1.0,2,0,6,13534,0.0,229727
5,1434,1964,1125.0,3.0,1,0,5,11404,0.0,228002
7,1538,2006,1735.0,2.0,2,1,5,8784,761.0,292164
5,1387,2003,532.0,2.0,3,0,1,16474,0.0,178418
6,1174,1941,1208.0,2.0,2,0,5,19858,1034.0,228539
7,1584,1961,1252.0,2.0,1,0,1,1500,440.0,229918
3,1720,1910,249.0,2.0,1,0,3,5224,0.0,122910
6,954,2002,1164.0,,2,1,4,16561,0.0,211675
4,2205,1942,1352.0,3.0,2,0,7,6258,0.0,276453
3,1450,1994,1235.0,2.0,2,0,1,3614,0.0,204172
10,1509,1916,966.0,2.0,3,1,1,18148,0.0,271871
6,1854,1996,1133.0,0.0,1,1,5,1500,0.0,255331
8,1616,1931,1067.0,,1,1,1,7587,0.0,214937
5,1976,1992,,2.0,3,1,6,12629,59.0,267560
7,1643,1984,1077.0,2.0,1,0,2,5409,0.0,246538
8,1193,1984,853.0,1.0,1,1,2,16265,811.0,200233
7,1680,1939,718.0,,2,1,3,5448,0.0,228105
6,928,1922,1993.0,2.0,2,0,1,21268,146.0,228559
6,1554,1955,1501.0,2.0,1,2,6,8994,807.0,282898
6,1483,1905,539.0,3.0,3,0,5,15370,126.0,235828
9,1395,1985,1138.0,2.0,2,3,5,15968,0.0,304739
8,1435,1949,1583.0,2.0,1,1,7,4979,710.0,298751
10,559,2001,401.0,2.0,2,1,4,1500,814.0,200670
4,1225,1936,1030.0,2.0,2,2,3,12886,840.0,204172
7,1546,2008,1049.0,3.0,2,1,6,10578,632.0,250841
9,1579,1963,490.0,2.0,2,0,6,14446,587.0,294774
5,986,1953,,2.0,3,0,7,8187,0.0,185453
3,2132,1971,1446.0,2.0,1,0,7,6556,1142.0,256298
8,1066,2004,1603.0,2.0,2,0,5,26067,0.0,267361
7,1984,1948,900.0,2.0,2,1,4,1500,0.0,264681
8,1713,1998,2000.0,2.0,2,0,5,15871,0.0,318108
4,1176,1910,176.0,3.0,2,0,4,5403,0.0,178980
8,2387,1987,1142.0,3.0,1,1,2,7313,0.0,329476
5,903,1948,435.0,2.0,2,2,6,7463,0.0,194984
5,1959,1920,1036.0,2.0,2,0,7,3572,0.0,225593
5,2000,1965,791.0,3.0,1,0,2,14569,795.0,259931
8,1164,1962,1202.0,1.0,2,0,5,21125,0.0,225874
7,2196,2003,949.0,2.0,2,1,3,13760,219.0,284512
7,1374,1982,669.0,,2,0,1,10827,0.0,189530
6,1644,2002,695.0,,1,1,3,2108,0.0,212089
8,1630,1927,1772.0,3.0,2,0,3,14134,0.0,258914
6,1432,1916,1177.0,2.0,1,0,1,27250,0.0,188568
8,1905,1905,319.0,1.0,1,2,6,6954,1179.0,258925
6,1896,1918,1220.0,2.0,2,0,2,6992,0.0,221613
6,625,1955,922.0,2.0,1,0,2,5511,0.0,183063
6,2152,2001,1001.0,2.0,1,0,6,6084,0.0,272536
6,668,1927,1327.0,3.0,0,1,1,1500,0.0,144005
8,2016,1965,1473.0,1.0,1,1,4,13240,122.0,322390
6,2063,1937,656.0,3.0,1,0,3,3235,0.0,249311
5,954,1936,988.0,2.0,3,0,5,1500,0.0,241475
9,1294,1967,781.0,2.0,1,0,2,16025,0.0,204313
6,947,1985,1238.0,1.0,1,1,6,1500,0.0,215974
7,1392,1989,907.0,2.0,1,1,5,7290,495.0,255608
9,1345,1948,1011.0,,3,1,7,21731,82.0,284735
7,1889,1942,891.0,3.0,2,1,1,1500,0.0,239253
4,2155,1935,957.0,3.0,2,0,5,1500,0.0,270071
9,2197,1957,1681.0,2.0,2,0,5,12154,0.0,341378
7,1218,1912,1956.0,2.0,2,0,3,19195,0.0,214239
6,1395,1951,1150.0,3.0,1,0,1,1500,873.0,188226
4,658,1957,960.0,,1,0,5,13261,679.0,128246
8,1097,1931,361.0,1.0,2,1,2,14647,0.0,198096
7,1982,1980,695.0,2.0,1,1,1,1500,516.0,256664
7,2307,2004,949.0,3.0,2,2,2,16388,0.0,299693
9,882,1999,713.0,0.0,1,0,6,17012,,229188
8,1203,1959,756.0,2.0,2,1,6,7505,498.0,234246
5,1486,2009,1630.0,3.0,1,1,7,20018,0.0,295998
6,1640,1982,1011.0,1.0,1,1,4,19091,0.0,266335
5,1095,1957,1047.0,1.0,2,0,6,10824,0.0,205875
8,1712,1998,730.0,2.0,3,0,5,6388,0.0,308560
3,1263,2009,1471.0,3.0,2,0,1,2217,867.0,177020
7,1492,2003,914.0,2.0,2,0,6,9699,997.0,240123
8,1773,1955,791.0,4.0,1,1,2,14558,0.0,285415
8,1503,1927,367.0,2.0,1,0,5,7406,0.0,232439
6,1281,1900,975.0,1.0,1,0,6,1500,0.0,191567
8,1445,1941,779.0,4.0,1,1,3,20149,0.0,262649
4,1455,1981,1673.0,2.0,1,1,2,11521,0.0,185747
8,1314,1947,1737.0,2.0,1,0,7,6963,772.0,244200
4,1370,1939,505.0,2.0,2,1,7,16857,,218926
6,2299,1996,551.0,2.0,1,0,7,22197,0.0,305996
8,1780,1962,889.0,1.0,2,0,2,1500,0.0,266814
5,1352,1975,673.0,0.0,2,0,7,13474,629.0,231923
5,1848,1971,1086.0,2.0,2,1,4,1500,0.0,254626
7,1333,1987,869.0,3.0,2,2,3,13992,0.0,275501
7,2086,1979,1112.0,2.0,1,0,4,11023,0.0,287966
7,1684,1903,1406.0,4.0,1,1,6,15085,99.0,281242
7,1446,1937,574.0,2.0,2,0,3,6006,0.0,233507
7,1723,2007,1398.0,2.0,2,1,2,1500,0.0,277075
5,714,1926,708.0,1.0,1,0,4,6397,0.0,147146
6,936,1908,1859.0,1.0,1,0,5,13254,0.0,187561
5,903,1915,1648.0,2.0,2,1,3,18123,947.0,168232
9,1571,1955,954.0,3.0,1,1,2,1500,307.0,272618
7,2366,1975,614.0,3.0,2,0,1,18216,0.0,288668
6,2615,1930,538.0,4.0,1,0,3,4817,0.0,287272
6,1819,1987,1349.0,2.0,1,0,3,12899,439.0,270324
9,1750,1913,987.0,3.0,2,0,6,5920,0.0,276078
5,599,2008,1370.0,2.0,2,1,5,11457,0.0,170180
7,1228,1924,1881.0,1.0,1,2,6,17135,319.0,270358
6,1106,1933,691.0,3.0,2,0,7,1500,0.0,242464
7,1189,1966,507.0,2.0,2,0,3,4560,0.0,212251
2,1415,1923,1077.0,1.0,2,1,3,11479,0.0,139778
8,1263,2005,1457.0,2.0,1,0,7,29212,0.0,299592
9,510,1972,623.0,2.0,2,1,5,3094,388.0,194254
7,1873,1925,1013.0,2.0,2,0,5,26321,891.0,251633
7,963,1919,1548.0,2.0,2,1,4,26035,0.0,239154
9,1619,1963,346.0,4.0,2,1,2,9221,1106.0,269596
7,2537,2003,1094.0,1.0,1,1,2,7614,852.0,286801
5,1040,1909,783.0,2.0,2,1,4,4463,1173.0,189031
7,400,1982,1049.0,2.0,2,0,2,9454,536.0,161957
7,1356,1966,1283.0,2.0,1,1,3,1500,320.0,232597
6,2050,1923,1088.0,2.0,2,1,4,9390,949.0,254325
7,2479,1904,595.0,2.0,1,0,4,21975,327.0,277069
9,885,1966,799.0,3.0,2,0,2,5111,0.0,226770
9,1748,1957,1570.0,,1,0,1,8074,0.0,271322
6,1267,1926,1131.0,3.0,2,0,2,1500,0.0,209621
4,1447,1979,1336.0,3.0,3,0,6,12992,911.0,260410
10,2822,1914,1100.0,2.0,2,1,1,12115,0.0,333386
8,748,1934,1323.0,3.0,3,0,4,10509,0.0,242199
4,1626,1975,,2.0,3,1,1,8265,0.0,201650
9,1733,2004,692.0,2.0,1,0,3,7657,0.0,302365
8,2042,1952,1305.0,2.0,2,0,5,14015,757.0,325340
6,1548,1943,1450.0,2.0,2,1,1,9769,474.0,226813
7,1654,1925,634.0,2.0,2,1,6,12519,0.0,279439
6,1304,1946,769.0,3.0,1,0,5,11719,998.0,234402
3,1634,1933,934.0,2.0,3,0,3,18987,617.0,193079
6,1328,1986,1647.0,1.0,2,0,6,15415,0.0,265877
8,1810,1994,1225.0,2.0,2,1,7,11542,1131.0,293892
1,1315,1949,470.0,1.0,1,1,5,22147,0.0,165750
6,1688,1983,962.0,1.0,1,0,7,13362,1146.0,288711
6,1485,1911,901.0,2.0,2,1,3,20439,403.0,241558
7,2063,1986,530.0,2.0,1,1,5,14855,1092.0,301338
9,1474,1903,958.0,2.0,2,0,5,1500,421.0,249012
6,613,1986,883.0,3.0,1,2,2,20438,0.0,201996
6,2130,1947,855.0,2.0,2,1,6,11081,1154.0,294356
7,1047,1954,837.0,2.0,2,0,6,9584,0.0,223484
6,1173,1900,1588.0,2.0,2,0,1,12250,342.0,211321
5,1202,1988,854.0,2.0,2,0,7,7240,0.0,234036
6,2187,1965,1019.0,3.0,1,0,7,11816,0.0,309719
5,432,1929,976.0,1.0,1,1,6,5264,469.0,138629
5,3068,1902,,0.0,1,0,6,20194,599.0,294264
6,2028,1920,1031.0,3.0,2,1,5,9091,797.0,282699
6,1611,1988,1026.0,2.0,2,1,7,6939,0.0,267279
9,1472,1983,1031.0,1.0,2,1,4,2600,0.0,262722
6,1642,1948,656.0,2.0,2,1,2,12150,0.0,222331
7,1760,1985,917.0,3.0,2,0,1,11496,1128.0,236001
7,1822,1984,1304.0,3.0,2,0,2,13107,0.0,293500
2,1777,1961,928.0,2.0,1,1,1,1781,0.0,187895
7,1544,1996,1064.0,2.0,1,0,3,1500,664.0,255465
5,1401,1937,1066.0,2.0,3,0,5,15004,0.0,257345
10,1424,1914,1166.0,4.0,2,1,6,21877,0.0,320187
5,1402,2009,1223.0,3.0,1,1,6,1789,325.0,216112
6,2066,1951,930.0,2.0,2,0,4,22715,620.0,282571
4,1796,1978,635.0,3.0,2,1,7,12271,0.0,266721
10,400,1945,512.0,1.0,2,1,7,9943,0.0,251723
6,1827,1924,1407.0,2.0,1,0,2,6819,0.0,251392
7,1597,1920,1308.0,2.0,1,0,2,1500,860.0,226146
3,1490,1987,,2.0,2,2,2,17901,0.0,177073
8,1305,1904,1324.0,3.0,3,0,7,3795,0.0,291776
5,2062,1969,935.0,1.0,2,0,6,3761,799.0,205804
9,1973,2006,750.0,,1,1,7,17935,0.0,313158
5,1113,2007,607.0,3.0,1,1,2,1500,0.0,203011
5,1703,1946,564.0,3.0,2,0,5,1500,0.0,224986
3,1014,1986,1484.0,1.0,2,0,1,9854,0.0,152074
6,810,1967,802.0,2.0,2,0,6,12346,560.0,213183
7,1186,1990,1421.0,2.0,2,3,5,13877,163.0,294146
3,1931,1917,925.0,1.0,1,0,3,7585,0.0,195916
8,1976,1920,729.0,3.0,2,1,5,30242,686.0,292912
6,1756,1991,562.0,3.0,2,2,5,8176,872.0,288276
7,1862,1998,764.0,1.0,1,0,3,8153,989.0,270042
6,1758,1985,1567.0,1.0,2,2,5,3624,1184.0,256232
6,1179,2003,566.0,1.0,1,2,1,10991,0.0,239761
7,1715,1922,1846.0,3.0,1,2,6,14919,0.0,300798
5,1900,1963,663.0,1.0,1,0,4,19628,0.0,246449
5,1877,1966,1299.0,2.0,1,1,7,1500,0.0,277204
8,2094,1939,941.0,2.0,1,1,3,8032,0.0,262356
9,1854,1909,871.0,2.0,2,3,6,13573,172.0,299275
6,1675,1988,491.0,1.0,2,0,2,14696,0.0,218975
5,2035,1951,960.0,2.0,2,1,1,10052,0.0,198505
7,1486,1971,536.0,3.0,1,0,4,14339,0.0,255578
6,1059,1974,327.0,3.0,1,0,1,3528,0.0,136918
2,1418,1960,1047.0,3.0,2,0,1,22463,0.0,179399
5,1127,1963,745.0,0.0,2,1,2,17941,0.0,164471
7,1162,1904,1673.0,2.0,1,0,4,1500,0.0,230153
7,1427,2008,1400.0,2.0,2,1,7,1500,0.0,240609
2,1103,1952,1678.0,2.0,2,3,1,1624,0.0,136394
5,1346,1954,727.0,3.0,2,0,2,15423,204.0,192601
5,553,1936,1054.0,2.0,2,1,3,1500,0.0,166504
7,1606,1955,0.0,1.0,1,0,2,7351,0.0,199199
2,1500,1958,887.0,3.0,2,0,5,13637,987.0,219089
4,1091,2008,1039.0,3.0,1,1,6,9470,315.0,220098
8,1829,2001,1061.0,1.0,2,2,2,12071,440.0,274657
5,1968,1992,983.0,2.0,1,1,2,1500,0.0,212126
7,696,1968,1026.0,2.0,2,1,2,14758,823.0,194315
5,1118,1972,0.0,2.0,1,0,7,5094,0.0,188613
4,1115,1958,1102.0,1.0,2,0,1,7403,760.0,122411
5,1030,1901,1193.0,,2,1,7,11901,0.0,184171
7,1914,1964,1535.0,3.0,2,0,4,10824,1135.0,299444
8,1403,2003,1147.0,,2,0,2,10191,0.0,237823
8,1367,1959,947.0,1.0,2,1,2,3994,276.0,222301
6,498,1950,1441.0,2.0,2,0,5,7603,970.0,181563
7,1817,1929,,2.0,2,0,5,10017,0.0,207376
5,880,1910,794.0,3.0,2,1,3,1500,416.0,132293
5,1529,1991,693.0,2.0,2,1,3,6299,887.0,211138
9,1638,2007,986.0,1.0,3,2,5,13101,425.0,330421
2,2180,1975,120.0,1.0,2,1,4,1500,0.0,194764
4,845,1938,1527.0,3.0,2,0,3,19252,0.0,209036
5,400,1989,900.0,2.0,2,2,6,20156,188.0,175244
2,1591,1976,1127.0,3.0,2,1,6,1500,0.0,222176
5,2400,1971,1089.0,2.0,2,0,4,20860,164.0,271446
7,2119,1962,1504.0,2.0,1,0,5,8851,0.0,279264
6,1604,1963,255.0,2.0,2,1,3,13348,780.0,235276
9,1254,1960,1044.0,3.0,3,1,2,6026,0.0,256722
8,1903,1953,1458.0,3.0,2,1,5,17384,0.0,290682
6,1013,1991,960.0,2.0,2,1,3,13248,0.0,214277
5,1738,1993,,2.0,1,1,4,3486,0.0,197087
6,1752,1972,758.0,1.0,2,3,6,1500,888.0,231912
7,2030,2002,842.0,2.0,2,1,4,1500,293.0,259383
5,2879,1994,711.0,2.0,2,0,3,11503,0.0,327948
7,1696,1957,938.0,3.0,1,1,4,14579,0.0,286616
6,1245,1984,1603.0,3.0,2,0,3,15207,0.0,208253
7,1487,1955,761.0,2.0,2,1,3,9056,1026.0,231664
6,615,1933,804.0,2.0,1,2,4,1500,1188.0,169646
5,1152,1930,1183.0,3.0,1,1,1,4543,0.0,177780
9,1295,1951,930.0,3.0,1,1,2,19218,0.0,243099
8,1237,1988,468.0,0.0,2,0,5,6122,0.0,236679
5,1576,1975,975.0,2.0,1,0,6,11147,812.0,253941
8,1088,1900,960.0,2.0,1,0,2,1500,0.0,213922
6,2060,1954,1390.0,2.0,2,1,5,12692,632.0,292945
9,1500,1921,611.0,1.0,1,1,5,6338,999.0,258001
8,1495,1939,1392.0,0.0,1,1,6,18373,0.0,260322
6,1336,2000,960.0,2.0,2,0,2,16188,0.0,194054
2,1577,1900,556.0,2.0,2,1,6,6034,0.0,153612
5,1912,1964,476.0,1.0,2,1,3,8986,0.0,205718
7,1066,1962,1773.0,2.0,2,1,6,5591,0.0,253217
7,1170,2005,936.0,3.0,2,1,4,1500,0.0,217853
5,1348,1953,1374.0,3.0,2,1,1,3140,1123.0,187264
4,827,1941,316.0,2.0,1,1,1,11585,164.0,124041
8,1090,1920,2055.0,2.0,1,0,1,12602,691.0,243960
10,1261,1978,1357.0,4.0,2,2,2,11188,0.0,299848
7,1937,1980,897.0,2.0,2,0,2,7586,1017.0,239485
5,1631,1921,,2.0,2,3,3,17464,698.0,210711
5,1596,1937,1293.0,2.0,2,0,7,10508,0.0,226995
2,1925,1998,1270.0,1.0,2,0,1,15626,527.0,183182
9,1431,2008,1073.0,2.0,1,2,3,1500,1032.0,237500
4,1695,1979,1004.0,3.0,1,0,7,1500,389.0,248044
7,1448,1907,1224.0,,2,1,1,12270,165.0,202365
5,1632,1961,303.0,2.0,2,1,2,1500,165.0,192895
7,1208,1946,851.0,3.0,2,1,7,8300,0.0,270061
7,400,1916,341.0,0.0,1,3,4,7583,175.0,132840
8,1432,1916,1241.0,2.0,2,0,4,22699,0.0,269545
5,2211,1989,729.0,2.0,2,1,4,13199,713.0,302917
2,1963,1912,371.0,2.0,1,0,6,11326,0.0,177022
4,1982,1916,682.0,0.0,2,0,4,16695,0.0,180481
9,2118,1937,1059.0,2.0,3,1,5,12947,0.0,298081
8,1544,1980,917.0,2.0,1,0,1,6338,0.0,238909
7,1598,1977,530.0,2.0,2,1,4,18571,0.0,285830
7,1191,1944,318.0,2.0,1,1,7,1500,0.0,252150
7,1341,1905,1029.0,2.0,2,1,5,12585,0.0,255756
5,1807,1934,767.0,1.0,1,2,5,1500,744.0,239387
9,2101,2009,896.0,2.0,3,0,5,11631,0.0,332421
6,1430,1913,936.0,1.0,2,1,3,11543,0.0,222936
6,1274,1971,1172.0,3.0,2,1,7,23411,0.0,277766
6,1500,1960,1338.0,2.0,2,1,3,1500,453.0,218754
3,1800,1914,1058.0,2.0,2,0,5,5192,789.0,240245
5,778,1953,871.0,3.0,2,1,6,16581,0.0,233467
7,400,1926,1009.0,2.0,2,0,4,12682,0.0,166584
4,1224,1912,864.0,2.0,3,0,1,11442,0.0,179146
7,889,1930,342.0,3.0,2,1,7,2350,0.0,243627
5,1245,1934,1436.0,3.0,3,1,6,5273,0.0,249929
6,1426,1959,1361.0,2.0,2,2,2,19960,0.0,238526
5,1273,1905,1795.0,0.0,2,1,3,9587,0.0,225294
6,2226,1968,1912.0,2.0,2,1,4,13002,0.0,309827
7,1663,1985,529.0,3.0,1,0,4,9078,0.0,237650
5,1650,1957,865.0,1.0,0,0,2,1500,0.0,164271
7,1811,1948,2004.0,2.0,1,0,2,17470,0.0,218521
6,930,1922,983.0,3.0,2,2,7,14025,253.0,271861
7,2019,1988,1097.0,0.0,2,0,4,28445,496.0,265762
9,1462,1933,391.0,3.0,2,0,2,1875,482.0,251636
7,1835,1925,1060.0,2.0,3,1,4,16580,871.0,258121
5,964,1946,1772.0,2.0,1,0,6,1500,0.0,212725
3,723,1904,1514.0,0.0,2,0,7,11258,0.0,170516
5,1908,1989,756.0,3.0,1,1,2,17812,272.0,220585
7,1688,1919,841.0,2.0,1,0,6,1500,721.0,262091
3,1048,1905,547.0,2.0,2,0,6,8360,145.0,159434
6,1065,1969,659.0,2.0,2,0,2,5494,0.0,195192
7,2062,1958,235.0,2.0,2,1,7,4384,0.0,304573
6,905,1963,966.0,3.0,1,1,4,13081,747.0,223303
8,2321,1917,1604.0,2.0,2,0,5,18965,115.0,321620
4,1049,1903,1142.0,2.0,1,1,4,8933,965.0,209984
4,1819,1916,1546.0,3.0,1,0,1,11643,0.0,213405
7,1335,1913,1429.0,2.0,1,2,2,10914,0.0,230157
6,1801,1977,781.0,2.0,1,0,3,10014,312.0,232045
7,1227,1912,696.0,1.0,1,1,7,1500,0.0,196424
6,1418,1906,711.0,3.0,1,2,2,18867,0.0,192014
5,1520,1943,313.0,2.0,3,1,1,12361,0.0,183938
8,998,1914,1012.0,2.0,1,0,6,13159,250.0,213270
8,1870,1918,0.0,2.0,1,0,3,3547,52.0,221289
7,1243,1962,1236.0,1.0,1,1,3,6326,0.0,233596
5,1385,2006,1028.0,2.0,2,0,4,8590,0.0,216583
7,1002,2007,1188.0,1.0,1,1,5,1500,248.0,227369
6,400,1934,1422.0,2.0,2,1,4,1500,158.0,167443
4,1404,1980,1079.0,2.0,3,1,7,5194,0.0,284160
9,2706,1934,1652.0,2.0,1,0,3,14180,1022.0,364422
4,1892,1918,1248.0,2.0,2,1,3,4774,344.0,218222
9,1490,1919,697.0,3.0,1,1,5,1849,0.0,265553
6,1368,1999,904.0,3.0,2,1,7,3482,0.0,236298
5,1511,1934,95.0,0.0,2,0,2,6357,0.0,157506
7,1773,1931,639.0,1.0,1,0,5,7169,0.0,225618
8,909,1947,847.0,2.0,1,0,6,27324,683.0,253801
7,2057,1943,1218.0,3.0,2,0,4,18436,0.0,276188
8,1857,2003,699.0,3.0,2,1,2,18198,0.0,313607
7,1859,1923,501.0,3.0,1,2,4,19348,0.0,263670
7,1719,1960,244.0,2.0,2,0,5,2009,0.0,223602
8,1509,1916,761.0,2.0,2,1,2,1500,112.0,227998
5,1836,1970,1780.0,2.0,2,0,5,1500,0.0,274941
6,1795,2006,1108.0,1.0,1,0,6,20676,549.0,279533
5,1322,1949,1375.0,0.0,2,0,1,5622,641.0,181200
10,1213,1964,639.0,,2,0,3,1500,0.0,243487
9,1550,1998,370.0,,1,2,7,6552,0.0,285038
3,2274,1931,511.0,2.0,2,0,2,8091,0.0,221304
7,880,1935,961.0,1.0,2,1,3,12147,576.0,192180
9,766,1912,202.0,3.0,3,0,1,12007,223.0,189098
5,1582,1969,597.0,2.0,1,2,2,3374,110.0,198702
7,1525,1957,765.0,2.0,2,0,3,15485,0.0,228894
9,1586,1913,471.0,3.0,2,0,3,4886,0.0,250415
3,1621,1936,150.0,2.0,3,0,2,8749,0.0,169002
7,1388,1978,1115.0,2.0,1,0,3,15494,0.0,267001
5,2244,1967,1018.0,0.0,3,0,3,4865,0.0,234075
9,699,1939,1311.0,1.0,2,1,2,5445,0.0,190615
10,1085,1958,555.0,3.0,1,1,7,14733,0.0,290559
9,1448,1979,1303.0,3.0,2,1,3,3138,0.0,279812
6,678,1991,1611.0,2.0,3,1,3,6921,1178.0,198947
8,1412,1915,1104.0,2.0,1,0,7,14445,0.0,278894
8,2330,1961,756.0,2.0,2,0,4,26432,796.0,305373
6,1510,1903,1058.0,0.0,2,3,6,14843,714.0,268411
8,1615,1944,736.0,2.0,1,1,4,13781,484.0,238947
3,869,1989,670.0,2.0,1,2,1,14246,0.0,136287
7,1191,1927,1273.0,2.0,1,1,4,1500,0.0,223227
5,1312,1995,944.0,3.0,1,0,4,10924,1070.0,243939
4,1341,2008,1482.0,2.0,2,0,1,9761,0.0,188370
4,2140,1965,823.0,1.0,1,0,3,12572,745.0,229109
7,1778,1930,863.0,2.0,2,0,3,10932,0.0,224159
6,944,1902,773.0,3.0,2,0,4,13037,81.0,212575
7,1623,1907,551.0,2.0,1,1,1,7508,0.0,194713
3,1749,1923,1325.0,1.0,2,1,3,10468,76.0,213432
6,2070,1914,1874.0,2.0,2,2,5,1500,317.0,299767
7,2290,1942,847.0,2.0,3,1,2,7440,0.0,243790
8,992,1930,727.0,2.0,0,2,2,21126,0.0,213403
6,1094,1972,701.0,3.0,1,0,6,12550,0.0,215032
7,871,2002,728.0,3.0,3,0,2,9832,1031.0,221343
8,1382,1944,1659.0,3.0,3,1,4,25168,0.0,279686
7,1733,1965,712.0,2.0,2,0,2,1500,0.0,220849
5,1993,1907,765.0,2.0,2,0,2,1500,259.0,232912
2,1462,1970,503.0,0.0,1,0,5,23701,182.0,189125
8,1340,2007,1117.0,4.0,2,0,3,10367,0.0,252424
2,1575,2002,973.0,2.0,1,1,5,8059,924.0,234131
8,1082,2005,545.0,1.0,1,0,4,1500,0.0,164857
7,2544,1956,642.0,2.0,2,1,2,13581,,290897
9,696,1979,1613.0,2.0,1,1,7,14355,283.0,244768
8,1592,1998,1013.0,2.0,2,0,3,1500,0.0,263369
10,2511,1929,1040.0,2.0,3,0,6,8877,0.0,346297
6,1503,1973,1042.0,,1,0,6,7315,350.0,208849
8,1404,2001,1557.0,,3,0,2,12047,320.0,238709
6,1321,1917,581.0,2.0,3,1,2,1500,0.0,180620
6,1409,1968,841.0,,2,1,6,20015,0.0,238506
7,2186,1992,932.0,2.0,1,1,6,17326,1043.0,324335
8,400,1938,311.0,2.0,1,0,7,7094,0.0,223308
10,2266,1959,633.0,3.0,2,1,4,8268,0.0,322793
8,788,1997,1418.0,2.0,1,1,2,8908,1110.0,225695
6,1366,1942,1304.0,2.0,1,1,6,3773,0.0,259500
6,1285,1944,1374.0,1.0,3,1,7,6452,0.0,240905
7,1794,1922,764.0,3.0,1,1,1,7837,1183.0,218344
5,700,1968,813.0,2.0,2,1,6,22902,0.0,238818
4,1731,1993,284.0,2.0,0,1,3,17572,0.0,199726
6,2512,1905,1372.0,0.0,2,0,3,17477,0.0,274353
5,818,1955,1438.0,2.0,3,1,1,12959,0.0,157437
5,1594,2009,1433.0,2.0,1,0,4,1500,0.0,225066
5,1169,2007,1641.0,3.0,1,0,2,9668,1034.0,250422
3,1712,1903,1168.0,2.0,2,2,2,17763,533.0,212500
2,1509,1992,1622.0,,2,2,6,1500,0.0,208628
10,1179,1922,919.0,2.0,2,0,3,15092,0.0,276380
6,1743,1905,293.0,2.0,1,0,4,28580,233.0,197442
6,2402,1931,1344.0,1.0,1,0,4,18494,0.0,271239
7,1404,2005,278.0,3.0,3,1,4,21312,0.0,300169
5,1859,1917,1068.0,2.0,3,1,6,11746,0.0,259842
9,853,1914,1382.0,3.0,2,2,2,17743,754.0,243435
8,1021,1939,1129.0,3.0,2,1,4,4257,580.0,259810
4,1736,1995,1911.0,3.0,2,0,6,16366,738.0,301823
6,2242,1972,213.0,2.0,2,1,6,15235,602.0,256795
8,1677,2000,966.0,2.0,1,0,1,12319,0.0,256943
9,1343,1973,1006.0,3.0,2,2,5,20528,0.0,328641
6,1499,1983,462.0,1.0,2,2,4,5689,909.0,211570
7,874,1905,538.0,2.0,1,1,5,8503,0.0,186618
5,1802,1962,661.0,0.0,2,0,2,10763,0.0,201164
10,1941,1966,560.0,2.0,2,0,6,1763,677.0,315863
5,1273,2005,956.0,1.0,2,0,7,11815,0.0,205669
9,1264,1910,758.0,1.0,2,1,4,1500,93.0,174644
7,1632,1942,1127.0,2.0,2,0,7,18375,0.0,283913
7,1281,1916,1259.0,2.0,1,0,3,10373,0.0,239414
6,1466,1995,1232.0,2.0,2,1,2,5832,0.0,226480
5,2549,1903,835.0,1.0,2,1,1,3325,0.0,223342
5,1376,1962,1113.0,,2,0,1,8123,0.0,176398
5,1320,1967,1414.0,1.0,1,1,5,15506,700.0,254510
5,1176,1980,1178.0,2.0,1,2,6,14381,390.0,221672
8,1872,1940,1743.0,2.0,2,2,5,4355,447.0,315284
6,1409,1982,1392.0,2.0,2,0,3,3231,0.0,209515
3,1175,1904,1687.0,2.0,2,0,3,15255,498.0,162901
10,2160,1931,3.0,2.0,2,0,1,4221,126.0,276662
8,2209,1985,1038.0,3.0,2,0,7,10479,847.0,361246
9,1199,1969,870.0,2.0,2,0,4,10990,0.0,268289
10,566,1934,950.0,2.0,2,1,1,12496,0.0,172707
5,2003,1921,678.0,2.0,2,1,1,16866,0.0,215248
6,1157,1964,1158.0,0.0,2,1,7,1500,0.0,226885
8,1895,1983,276.0,2.0,2,0,7,1500,0.0,280997
7,514,1921,1161.0,2.0,2,1,3,5460,0.0,147308
5,1946,1910,691.0,2.0,2,1,7,24412,0.0,242485
8,894,1976,,1.0,1,1,5,26177,0.0,198879
5,1865,2005,1175.0,1.0,3,2,3,24649,0.0,266452
5,1507,1902,1031.0,3.0,1,1,7,8456,0.0,203012
7,1023,1908,1421.0,2.0,2,2,6,1500,1077.0,247394
7,1296,1959,612.0,1.0,2,0,3,1500,158.0,200906
7,1843,1975,967.0,2.0,2,1,3,5087,509.0,241831
4,1552,1986,1355.0,2.0,2,0,1,8415,0.0,207651
8,1792,1913,1144.0,3.0,1,0,4,20405,0.0,252163
5,2488,1996,1170.0,,2,0,1,16942,,254906
4,717,1917,1443.0,2.0,2,0,2,11819,0.0,123952
8,2308,2004,837.0,3.0,2,0,3,2881,,272183
9,1552,1972,753.0,0.0,1,0,7,2313,0.0,253262
8,1050,1922,1230.0,2.0,2,0,7,12033,912.0,240633
8,834,1973,940.0,3.0,2,2,7,15576,0.0,272347
7,1405,1982,1448.0,2.0,2,0,3,13135,271.0,251047
7,1960,1946,1147.0,2.0,2,1,7,1723,0.0,328860
4,1436,1968,750.0,1.0,2,0,2,15205,0.0,178721
6,2255,1946,1135.0,0.0,3,2,3,13407,538.0,211936
6,774,1986,638.0,2.0,2,2,7,1500,823.0,177301
5,1493,1929,1378.0,,2,1,3,3725,0.0,179814
7,873,1924,441.0,2.0,1,1,6,15507,501.0,268167
6,1681,1927,1488.0,2.0,2,0,3,8123,525.0,239892
4,1943,1997,1128.0,3.0,2,3,2,22713,0.0,283588
5,1289,2008,934.0,2.0,1,2,1,14009,0.0,222181
7,400,1924,1305.0,1.0,1,2,3,6106,0.0,148505
4,1599,1973,1204.0,2.0,2,1,4,9918,0.0,195303
8,1718,1977,1532.0,3.0,1,0,2,10507,0.0,286157
6,1702,2005,1528.0,3.0,2,2,5,4172,0.0,247179
6,2117,2009,1140.0,1.0,1,0,6,2699,0.0,292492
7,964,1957,651.0,2.0,1,1,2,15611,0.0,194076
8,1840,1993,783.0,2.0,1,0,1,16762,1190.0,266873
6,2096,1940,971.0,3.0,1,2,7,14830,578.0,303880
7,610,1924,1432.0,1.0,2,0,7,22122,0.0,229270
7,1659,1977,817.0,2.0,2,0,2,5665,0.0,237482
5,1247,1998,850.0,3.0,1,1,5,23394,163.0,241219
8,1459,1947,1739.0,2.0,2,1,7,2792,700.0,292183
8,1673,1997,958.0,2.0,2,1,6,1898,507.0,261106
7,1256,1909,746.0,1.0,2,0,4,1500,660.0,193640
8,1162,1998,1310.0,,2,0,5,6433,966.0,281462
8,1517,1974,977.0,2.0,2,1,2,5970,0.0,254090
7,956,1910,444.0,3.0,2,3,5,14207,0.0,245609
8,957,1984,1416.0,2.0,2,1,7,11951,0.0,252699
7,1839,1920,701.0,2.0,0,0,7,1500,0.0,232860
7,925,1985,1017.0,2.0,2,2,2,6858,634.0,191124
7,1833,1944,972.0,1.0,2,0,7,7028,0.0,246565
8,1731,1906,1092.0,2.0,2,1,7,1500,113.0,251701
5,637,1980,123.0,2.0,2,1,4,2152,0.0,159029
8,1161,1963,865.0,3.0,2,0,4,3833,0.0,232741
8,2097,1963,1449.0,,1,1,1,21469,417.0,289094
2,1009,1901,1506.0,2.0,2,1,4,11531,0.0,159982
8,1267,1975,603.0,1.0,2,0,3,15297,1171.0,183739
4,1731,1941,1368.0,3.0,2,0,5,1500,549.0,243790
6,1891,1981,695.0,1.0,2,0,5,19553,0.0,221674
8,1374,1953,850.0,3.0,2,1,2,20408,0.0,256605
5,1201,1974,871.0,2.0,1,0,4,1500,513.0,177945
8,2211,1915,1043.0,3.0,2,0,1,4357,0.0,275350
8,2369,1917,1400.0,2.0,2,1,7,13966,109.0,309882
6,1989,1998,1105.0,3.0,2,1,1,15155,382.0,280753
1,1542,1958,949.0,,1,1,1,4572,366.0,132469
5,1095,1989,1386.0,2.0,2,1,6,7556,0.0,225524
7,1084,1915,678.0,2.0,2,2,7,5220,0.0,202240
10,1761,1905,969.0,3.0,2,2,3,10883,345.0,328376
7,1709,1956,1398.0,1.0,3,1,4,19577,849.0,260484
5,2200,2007,1211.0,3.0,3,1,7,3831,0.0,314472
7,1825,2006,813.0,3.0,1,0,1,18006,702.0,238224
7,748,1946,394.0,2.0,1,3,7,3746,0.0,279181
8,2025,1947,1124.0,3.0,3,0,3,3218,0.0,291138
4,1000,1941,368.0,2.0,3,0,5,16548,0.0,169574
8,1308,1975,914.0,2.0,1,0,2,17375,668.0,244593
7,1625,1959,1471.0,2.0,1,0,4,16811,0.0,276899
10,2497,1976,1238.0,2.0,1,2,4,1500,294.0,349787
6,3054,1903,190.0,2.0,3,1,6,6272,1185.0,303514
7,1803,2002,1080.0,2.0,1,1,5,16583,249.0,291760
9,1408,1901,872.0,2.0,2,1,4,10332,56.0,251909
4,1767,1989,490.0,2.0,2,1,6,1500,641.0,228979
9,1943,1958,1134.0,2.0,1,0,6,13666,0.0,293610
7,1339,1926,,1.0,2,1,6,4281,0.0,184927
3,2397,1926,,3.0,1,1,4,24356,1064.0,243658
6,1615,1978,1049.0,2.0,2,0,4,22358,1054.0,265449
7,1748,1971,749.0,2.0,1,1,4,14832,321.0,281270
3,1832,1906,1038.0,2.0,2,0,3,20888,0.0,208493
7,1710,1962,762.0,2.0,2,0,6,10518,0.0,262031
6,1919,1945,784.0,3.0,1,0,3,16123,0.0,222666
7,1191,1962,1397.0,2.0,1,0,2,21821,0.0,227575
3,1220,2003,1437.0,2.0,2,1,4,11963,0.0,214678
8,949,1911,316.0,1.0,1,1,7,7958,503.0,177906
10,1719,1912,1298.0,2.0,2,0,5,1500,0.0,310837
10,1889,1942,1559.0,4.0,2,1,1,9334,0.0,299920
8,1728,1916,1622.0,3.0,2,1,2,16587,0.0,277529
4,2337,1962,1208.0,2.0,2,0,7,17565,132.0,298946
8,1497,1980,577.0,2.0,2,0,1,14034,0.0,232855
2,1834,1935,1251.0,2.0,2,2,1,5669,0.0,215940
2,954,1984,652.0,2.0,2,1,4,1500,885.0,161088
6,1306,1907,862.0,3.0,1,3,5,6038,539.0,226940
6,1847,1968,1153.0,,1,0,1,7565,363.0,156897
8,1924,1989,678.0,2.0,2,1,6,7496,0.0,313498
7,1353,1979,541.0,3.0,2,0,7,14948,434.0,241466
6,1464,1935,1186.0,2.0,2,0,1,25885,1035.0,238211
5,741,1927,1746.0,2.0,1,1,2,10988,0.0,186418
10,1321,1992,1497.0,2.0,2,0,5,8266,,292514
6,1945,1946,1282.0,,1,0,5,7926,0.0,262725
6,1787,1975,1391.0,2.0,1,0,1,10995,455.0,245234
5,1750,2000,1255.0,2.0,2,0,5,3373,460.0,257233
8,1524,1929,,2.0,1,1,2,10961,740.0,182494
7,1503,1922,1359.0,1.0,2,1,7,13606,0.0,268642
5,1169,1915,452.0,3.0,2,0,2,11677,0.0,153565
4,1849,1913,1079.0,2.0,2,0,2,13660,928.0,190471
7,1710,1973,967.0,1.0,2,0,6,13469,405.0,261099
7,1746,1970,1031.0,3.0,1,1,4,1500,0.0,288346
5,1236,2008,815.0,3.0,1,0,1,15094,0.0,203607
9,423,1951,1208.0,3.0,2,1,7,4631,811.0,251132
5,2048,1936,672.0,2.0,2,0,5,1500,0.0,252707
6,1260,1928,786.0,1.0,2,0,2,1500,0.0,164005
9,1068,1966,738.0,2.0,1,2,1,13468,0.0,197789
6,1846,1914,,1.0,2,1,7,8219,0.0,203333
7,1303,1999,995.0,3.0,2,0,7,1500,1002.0,268699
6,2029,1946,815.0,1.0,2,1,1,13824,0.0,251989
5,1808,1945,850.0,2.0,2,1,4,1500,0.0,246319
10,1841,1951,1001.0,2.0,1,1,6,11118,0.0,297415
6,817,1918,1648.0,2.0,1,1,5,11907,0.0,235659
9,2105,1976,505.0,3.0,2,1,6,17084,0.0,363041
5,1630,2005,1270.0,,3,3,7,24253,0.0,292739
5,1315,1920,1188.0,1.0,1,0,5,1500,0.0,220996
3,1571,1963,646.0,2.0,2,1,7,9580,0.0,234535
7,611,1936,1586.0,2.0,1,0,2,7789,0.0,180551
6,1704,1926,1215.0,1.0,1,0,2,13469,0.0,206107
8,985,1954,796.0,2.0,1,0,1,11725,81.0,168219
6,823,1928,256.0,2.0,1,0,5,7179,822.0,162002
10,738,1919,1091.0,2.0,2,1,5,6472,1121.0,238579
5,2056,1924,982.0,3.0,2,1,7,1500,0.0,267764
8,1185,1969,587.0,3.0,1,1,6,17902,0.0,256945
8,2266,1962,582.0,3.0,0,0,2,13673,377.0,233231
8,1232,1935,1347.0,2.0,2,0,3,17342,863.0,259331
8,646,1901,217.0,1.0,1,2,1,7516,0.0,168279
8,941,1921,1125.0,2.0,2,0,5,4745,0.0,231554
7,2117,1995,925.0,3.0,1,1,4,1500,0.0,263711
4,1422,1915,1198.0,4.0,2,1,4,12871,0.0,231062
3,1225,1917,882.0,3.0,1,1,3,1681,0.0,164576
9,1580,1968,1117.0,1.0,1,1,2,24789,570.0,275796
7,1750,1953,702.0,3.0,1,1,2,1500,856.0,264520
8,2058,1999,980.0,2.0,1,0,2,12189,0.0,274028
6,2224,1929,1195.0,0.0,2,2,6,22534,145.0,293289
4,1320,1944,1060.0,2.0,2,0,7,14792,323.0,207175
4,836,1918,1152.0,0.0,1,0,4,11405,0.0,164094
7,1293,1986,628.0,2.0,1,0,2,2252,0.0,216465
6,1630,1933,763.0,,2,1,4,1500,0.0,215423
5,1018,1912,770.0,2.0,2,0,3,16160,181.0,158611
6,1021,1942,889.0,2.0,3,0,1,22049,0.0,183119
3,1671,1961,,3.0,2,0,7,6489,0.0,175333
7,1475,1992,858.0,2.0,2,2,6,1500,0.0,251663
5,1516,1999,542.0,2.0,2,1,5,1500,0.0,236698
8,1120,1921,1216.0,3.0,3,1,3,2153,0.0,247046
6,1384,1951,1538.0,,2,1,7,9090,100.0,250916
6,1037,1951,495.0,1.0,1,1,4,22792,0.0,221560
2,1945,1935,1789.0,2.0,1,0,3,15385,0.0,221489
4,2017,1972,1166.0,2.0,1,2,5,12440,492.0,247048
6,576,2002,1413.0,0.0,2,0,7,6799,0.0,191245
6,1035,1918,1586.0,2.0,2,0,6,5334,878.0,220271
7,751,1937,1389.0,3.0,2,0,1,21245,426.0,197322
5,1174,1969,955.0,1.0,1,1,5,11605,0.0,220682
7,1458,1978,1487.0,3.0,2,0,7,1500,0.0,288751
8,775,1956,1101.0,3.0,2,1,6,4611,175.0,236284
8,1039,1919,1436.0,3.0,1,0,4,3134,0.0,226283
3,998,1908,1479.0,2.0,2,1,5,5629,0.0,192626
6,1603,1931,563.0,3.0,2,0,3,14503,984.0,245239
4,1534,1903,1317.0,2.0,2,0,2,9140,0.0,160025
5,1139,1949,927.0,2.0,2,0,3,9385,0.0,187046
10,1588,1981,1055.0,1.0,2,1,4,20507,159.0,298967
5,1226,1904,1050.0,0.0,2,0,7,4428,0.0,206888
6,1364,1919,1034.0,,2,1,1,24913,0.0,200634
7,2336,1986,1609.0,2.0,2,1,5,4629,845.0,326937
7,2170,1974,453.0,2.0,1,1,7,10713,1119.0,287780
7,850,1936,311.0,1.0,2,1,1,7750,1090.0,147419
1,1914,1921,226.0,2.0,1,0,4,10987,0.0,178025
6,1905,1957,1427.0,0.0,2,0,5,13556,1027.0,274381
6,925,1967,690.0,3.0,2,1,6,13470,1097.0,237034
4,1909,1992,1052.0,1.0,2,1,6,3975,0.0,260811
6,2268,1943,954.0,1.0,2,1,7,1500,0.0,264898
3,938,1933,645.0,2.0,1,2,3,30025,758.0,156201
4,1041,1976,1340.0,2.0,1,0,7,6128,0.0,228014
6,2008,1941,949.0,2.0,1,0,3,15593,0.0,254251
4,1635,1908,904.0,,1,1,4,1500,869.0,181336
7,1775,2005,1093.0,3.0,2,0,6,7763,348.0,287626
7,1670,1994,1288.0,2.0,1,0,5,8982,321.0,291857
8,1695,1906,616.0,0.0,2,2,6,13782,0.0,226982
5,836,1967,1349.0,2.0,2,0,3,1500,1194.0,186598
5,2023,1918,1579.0,3.0,3,2,7,11329,0.0,301204
4,2084,2005,429.0,2.0,2,1,4,1500,876.0,211999
7,1385,1993,1111.0,1.0,1,1,6,12594,0.0,284724
7,1478,1930,878.0,3.0,1,0,4,1709,0.0,182176
3,734,1934,1279.0,2.0,2,0,6,3156,0.0,167852
9,1757,1956,513.0,,2,1,7,7810,0.0,288420
3,1786,1984,1651.0,1.0,2,0,1,1581,135.0,181018
7,1468,1960,356.0,1.0,2,0,7,6195,677.0,242586
7,2062,1930,902.0,2.0,1,0,6,1500,0.0,265119
8,1332,1982,1173.0,2.0,2,0,3,1500,0.0,260969
7,1782,1994,725.0,2.0,2,0,7,18143,0.0,351695
8,990,1952,662.0,2.0,1,1,5,1500,216.0,224694
6,1488,1931,1088.0,2.0,1,0,3,8570,611.0,225968
8,1412,1965,1031.0,3.0,1,0,3,16023,0.0,236700
4,1612,1958,1002.0,3.0,1,1,3,5080,0.0,215240
9,1315,1909,1343.0,2.0,2,2,4,3398,0.0,255704
7,1434,1901,842.0,1.0,1,0,2,11809,0.0,213585
8,1913,1965,1127.0,1.0,1,0,2,18943,0.0,237875
6,1281,1959,797.0,2.0,1,1,1,1500,0.0,168056
7,696,1987,660.0,1.0,3,2,3,8798,0.0,219458
7,2374,1916,886.0,4.0,2,1,2,1500,0.0,285899
7,2190,1995,800.0,,1,1,1,6854,0.0,268762
4,853,1915,820.0,2.0,1,0,4,10273,634.0,161180
3,1844,1915,1466.0,2.0,1,1,3,3163,226.0,214776
5,1248,1945,898.0,2.0,2,0,5,6344,0.0,200594
5,1631,1938,734.0,1.0,1,1,4,1500,816.0,198369
8,1647,1930,1011.0,2.0,2,1,1,10616,0.0,261712
5,1382,2006,1041.0,2.0,2,2,4,18445,636.0,239412
10,1108,1987,525.0,,2,0,5,1500,244.0,258968
6,1154,1900,880.0,0.0,1,0,4,5018,0.0,171507
5,1041,1910,864.0,3.0,2,1,1,14020,0.0,156837
8,1084,1984,931.0,3.0,2,1,5,19696,0.0,242578
7,1466,1903,1290.0,2.0,1,1,5,1500,0.0,235588
6,1142,1970,1054.0,3.0,2,0,4,8649,0.0,240562
7,1841,1925,1491.0,0.0,1,0,5,12265,0.0,244370
7,2243,1949,995.0,3.0,1,1,7,9183,359.0,324558
5,1209,1911,1710.0,,1,0,4,1500,65.0,186458
10,1619,1994,815.0,2.0,2,1,3,14008,352.0,302338
10,1749,1980,692.0,2.0,2,1,5,22154,0.0,308003
7,1736,1996,1218.0,1.0,3,1,4,10933,881.0,278170
5,1537,1974,1545.0,4.0,1,1,3,1751,90.0,258258
7,1871,1991,448.0,0.0,3,1,5,5894,420.0,256711
4,1741,1995,921.0,2.0,1,0,3,24159,706.0,216659
3,881,1964,755.0,2.0,2,1,6,17279,0.0,150233
5,1934,1946,1057.0,3.0,1,0,5,15120,0.0,266838
6,1943,1991,1004.0,2.0,1,1,6,12851,724.0,265556
8,1118,1952,1538.0,2.0,2,0,1,4710,0.0,213738
7,1518,2005,956.0,2.0,1,1,1,8395,0.0,211830
8,1841,1970,1549.0,2.0,2,0,4,9376,0.0,287339
6,1395,1901,873.0,1.0,2,0,2,14396,0.0,232022
6,2036,2005,1370.0,1.0,2,2,6,22071,0.0,313223
6,2681,1923,1091.0,2.0,2,0,6,18946,632.0,302892
10,1107,1903,1691.0,2.0,2,1,1,1500,0.0,234746
3,809,2007,409.0,1.0,1,3,6,11791,770.0,144655
8,1651,1918,534.0,2.0,2,0,2,15894,0.0,216119
7,1860,1925,1732.0,2.0,2,1,3,14950,0.0,255348
6,1384,1974,706.0,3.0,1,0,3,4966,857.0,218408
7,2226,1939,732.0,3.0,1,0,2,33312,560.0,289220
6,830,1949,649.0,2.0,2,0,6,1500,0.0,194271
8,1846,1942,1459.0,2.0,2,2,6,1500,146.0,308262
9,1197,1974,498.0,2.0,2,0,6,11868,442.0,244787
6,2359,2008,1008.0,0.0,1,1,7,26934,843.0,287423
5,2496,1966,893.0,2.0,2,1,4,3310,269.0,253669
7,1116,1911,1414.0,2.0,1,2,5,7873,1149.0,212647
9,1225,1966,774.0,,2,0,2,18618,688.0,233275
5,1929,2005,1166.0,3.0,2,1,2,9857,0.0,293377
7,1306,1926,531.0,2.0,1,1,7,7323,0.0,215312
7,1477,1953,1909.0,,2,1,2,14525,0.0,238024
7,1512,1965,904.0,2.0,3,2,2,12180,0.0,252156
4,540,1948,1003.0,2.0,2,1,7,18243,975.0,181947
7,1493,1915,1661.0,2.0,2,0,2,20331,0.0,252897
9,1155,1901,765.0,,2,1,6,12456,0.0,227457
5,1253,1959,1666.0,2.0,2,0,7,12333,0.0,234985
5,2221,1953,835.0,2.0,1,0,4,11712,0.0,247717
10,871,1929,1268.0,3.0,1,0,1,13913,0.0,237413
5,1906,1983,770.0,2.0,1,0,6,10441,0.0,274117
8,1360,1937,457.0,0.0,2,0,6,9995,0.0,236400
6,1360,1927,1165.0,2.0,2,2,5,19573,0.0,243444
5,1895,1924,1255.0,2.0,1,0,7,22128,0.0,282056
8,1670,1995,473.0,1.0,2,2,1,1500,1107.0,252876
6,1785,1909,877.0,,2,1,2,10080,0.0,205503
6,1984,1959,1480.0,4.0,2,1,1,4490,0.0,264884
6,1334,1941,1240.0,3.0,1,1,4,7512,0.0,223891
7,1193,1939,841.0,1.0,2,0,3,13220,0.0,222792
5,957,1996,760.0,3.0,1,0,6,15355,0.0,214454
6,1087,1976,1779.0,2.0,1,0,7,9102,376.0,222442
10,2974,2004,421.0,2.0,3,0,7,1500,968.0,384405
5,2122,1941,976.0,2.0,1,2,1,2279,0.0,254946
7,824,1946,414.0,3.0,1,1,5,17171,0.0,238841
6,838,1936,1525.0,2.0,2,0,4,1500,261.0,189991
8,1740,1979,997.0,2.0,1,0,3,19499,295.0,256485
4,1773,2008,1071.0,2.0,2,0,4,14169,569.0,273386
10,1774,1921,2107.0,2.0,1,0,7,20529,0.0,368068
6,1372,1956,762.0,1.0,2,1,2,8411,0.0,209850
5,1437,1983,1699.0,3.0,1,0,3,1500,0.0,197490
4,1663,2006,843.0,2.0,1,1,7,13442,0.0,235579
5,1542,1926,,,2,0,5,20197,0.0,171483
6,400,1940,2055.0,1.0,2,0,3,17397,0.0,218915
6,1385,1979,935.0,2.0,2,1,7,4698,0.0,223647
8,1074,1933,450.0,1.0,3,1,5,10694,0.0,257940
6,1587,1931,1112.0,1.0,1,2,2,5737,371.0,211975
5,2992,1989,930.0,2.0,2,2,5,3445,756.0,297807
7,1683,1988,1146.0,2.0,2,0,4,17643,103.0,288691
7,1343,1965,946.0,2.0,3,0,1,1500,449.0,226045
5,1960,1911,1886.0,1.0,1,1,4,2849,625.0,221637
5,1741,1939,1222.0,2.0,2,2,7,1500,0.0,259850
3,1710,1972,570.0,1.0,2,1,7,1500,0.0,236660
7,1803,1975,1049.0,4.0,1,0,6,11171,0.0,283948
7,2528,1989,680.0,2.0,2,3,4,19292,246.0,352508
6,934,1972,900.0,2.0,1,0,3,8520,0.0,174679
8,1736,1909,635.0,2.0,2,1,2,1500,0.0,206158
8,1036,1995,1842.0,1.0,3,2,6,16719,0.0,288219
7,1777,1997,723.0,4.0,2,0,6,23485,0.0,275706
8,1040,1947,1275.0,2.0,2,2,6,4830,0.0,258586
5,1291,1919,870.0,2.0,1,0,7,6171,880.0,210584
4,1352,1938,536.0,2.0,3,2,1,14125,0.0,169999
5,1987,1959,1079.0,0.0,2,0,5,22974,160.0,285255
3,1959,1965,1160.0,3.0,1,2,3,5841,644.0,229346
7,877,1964,1223.0,2.0,2,0,7,1500,509.0,247368
9,1527,1950,0.0,2.0,2,1,2,15051,0.0,255742
3,1145,1935,506.0,1.0,1,1,7,16392,0.0,209436
4,870,1923,1383.0,,1,1,1,10049,832.0,117294
6,1391,1926,630.0,3.0,1,0,7,5534,218.0,199247
9,1345,1901,1081.0,2.0,2,1,7,17955,0.0,314596
6,2713,1930,496.0,2.0,2,0,4,14224,0.0,295454
6,1716,1956,1292.0,1.0,2,1,2,3852,476.0,232235
3,811,1977,1372.0,2.0,2,0,6,10392,901.0,184219
5,1217,1965,1292.0,2.0,2,2,2,1500,160.0,197843
10,2010,1928,1413.0,2.0,2,0,2,15487,113.0,319365
10,2544,1914,1625.0,2.0,1,0,4,7902,0.0,311678
1,707,1911,530.0,2.0,2,0,5,6514,958.0,121138
9,560,2000,684.0,2.0,2,0,7,9737,62.0,257253
7,2435,1927,1359.0,4.0,2,0,3,10322,288.0,321936
8,1694,1983,1452.0,1.0,2,1,6,17159,0.0,299512
6,1065,2002,730.0,2.0,1,2,5,14728,0.0,225959
6,1767,1923,702.0,2.0,3,1,1,8748,0.0,245475
6,400,1920,739.0,2.0,1,1,7,16109,0.0,193836
7,1501,1909,357.0,2.0,2,0,6,13205,0.0,267437
4,1663,2009,491.0,3.0,0,1,3,6587,378.0,175441
2,1962,1977,501.0,2.0,3,0,7,9002,201.0,244357
6,993,2000,882.0,2.0,1,1,1,8814,274.0,173113
7,1542,1917,1108.0,2.0,1,0,4,14042,0.0,237831
5,1037,1987,1173.0,1.0,1,0,5,7063,0.0,221178
7,1627,1913,796.0,1.0,2,0,7,6876,0.0,230443
10,1052,1933,806.0,2.0,1,1,6,25750,0.0,310291
4,1295,1957,1049.0,1.0,2,0,2,17517,0.0,202765
7,1002,1975,401.0,2.0,2,1,3,3915,340.0,209692
6,1825,1921,1383.0,2.0,1,0,7,14567,0.0,255026
8,1929,1969,1514.0,2.0,1,1,6,10946,531.0,306266
5,1382,1935,749.0,2.0,2,2,2,13132,0.0,195789
7,1519,1944,840.0,,2,0,6,11098,0.0,216041
8,775,1935,1497.0,1.0,2,1,7,19517,405.0,270351
9,1350,1921,950.0,2.0,2,2,1,12764,0.0,236132
7,1474,1977,1235.0,2.0,1,1,2,9503,0.0,234787
6,2810,1979,963.0,2.0,1,1,2,18337,0.0,297843
7,944,1960,1622.0,2.0,1,1,6,11866,0.0,241107
8,2232,1999,1196.0,2.0,2,1,4,10971,0.0,325785
7,1998,1955,1219.0,1.0,3,0,7,12512,0.0,287166
3,1640,1988,1226.0,2.0,2,1,4,9251,0.0,239180
9,2379,1995,777.0,0.0,0,0,5,10073,0.0,287601
7,1686,1932,814.0,3.0,1,0,1,5306,0.0,222211
7,1694,1944,1307.0,2.0,1,1,4,3990,429.0,231318
5,1473,1935,1050.0,2.0,2,0,6,2011,0.0,243163
7,2111,1919,528.0,2.0,1,0,7,1500,0.0,291169
